-- MySQL dump 10.13  Distrib 8.0.41, for Win64 (x86_64)
--
-- Host: localhost    Database: shoe_api
-- ------------------------------------------------------
-- Server version	8.0.41

/*!40101 SET @OLD_CHARACTER_SET_CLIENT=@@CHARACTER_SET_CLIENT */;
/*!40101 SET @OLD_CHARACTER_SET_RESULTS=@@CHARACTER_SET_RESULTS */;
/*!40101 SET @OLD_COLLATION_CONNECTION=@@COLLATION_CONNECTION */;
/*!50503 SET NAMES utf8 */;
/*!40103 SET @OLD_TIME_ZONE=@@TIME_ZONE */;
/*!40103 SET TIME_ZONE='+00:00' */;
/*!40014 SET @OLD_UNIQUE_CHECKS=@@UNIQUE_CHECKS, UNIQUE_CHECKS=0 */;
/*!40014 SET @OLD_FOREIGN_KEY_CHECKS=@@FOREIGN_KEY_CHECKS, FOREIGN_KEY_CHECKS=0 */;
/*!40101 SET @OLD_SQL_MODE=@@SQL_MODE, SQL_MODE='NO_AUTO_VALUE_ON_ZERO' */;
/*!40111 SET @OLD_SQL_NOTES=@@SQL_NOTES, SQL_NOTES=0 */;

--
-- Table structure for table `adidas`
--

DROP TABLE IF EXISTS `adidas`;
/*!40101 SET @saved_cs_client     = @@character_set_client */;
/*!50503 SET character_set_client = utf8mb4 */;
CREATE TABLE `adidas` (
  `Shoe_ID` varchar(10) NOT NULL,
  `Category_ID` varchar(10) DEFAULT NULL,
  `Model` varchar(50) DEFAULT NULL,
  PRIMARY KEY (`Shoe_ID`),
  KEY `Category_ID` (`Category_ID`),
  CONSTRAINT `adidas_ibfk_1` FOREIGN KEY (`Shoe_ID`) REFERENCES `shoe_products` (`Shoe_ID`),
  CONSTRAINT `adidas_ibfk_2` FOREIGN KEY (`Category_ID`) REFERENCES `category` (`Category_ID`)
) ENGINE=InnoDB DEFAULT CHARSET=utf8mb4 COLLATE=utf8mb4_0900_ai_ci;
/*!40101 SET character_set_client = @saved_cs_client */;

--
-- Dumping data for table `adidas`
--

LOCK TABLES `adidas` WRITE;
/*!40000 ALTER TABLE `adidas` DISABLE KEYS */;
INSERT INTO `adidas` VALUES ('B75571','CA02','Yeezy Boost 700'),('B75807/BZ0','CA08','Samba'),('BD7633','CA07','Handball Spezial'),('BY1604','CA01','Yeezy Boost 350 V2'),('BZ0057/B75','CA08','Samba'),('CP9652','CA01','Yeezy Boost 350 V2'),('CP9654','CA01','Yeezy Boost 350 V2'),('EF2905','CA01','Yeezy Boost 350 V2'),('FZ5896','CA03','Yeezy Slide'),('FZ5897','CA03','Yeezy Slide'),('GW1229','CA01','Yeezy Boost 350 V2'),('GY3438','CA01','Yeezy Boost 350 V2'),('GY7164','CA01','Yeezy Boost 350 V2'),('H03665','CA06','Yeezy 450'),('HP7870','CA01','Yeezy Boost 350 V2'),('HP8739','CA04','Yeezy Foam RNR'),('HQ2059','CA01','Yeezy Boost 350 V2'),('HQ4540','CA01','Yeezy Boost 350 V2'),('HQ6316','CA01','Yeezy Boost 350 V2'),('HQ6448','CA03','Yeezy Slide'),('HQ7045','CA01','Yeezy Boost 350 V2'),('HQ8708','CA09','Campus'),('ID0477','CA08','Samba'),('ID0478','CA08','Samba'),('ID0780','CA14','Response CL'),('ID2349','CA03','Yeezy Slide'),('ID2350','CA03','Yeezy Slide'),('ID2529','CA19','Bad Bunny'),('ID2534','CA19','Bad Bunny'),('ID4126','CA04','Yeezy Foam RNR'),('ID4132','CA03','Yeezy Slide'),('ID4133','CA03','Yeezy Slide'),('ID4811','CA01','Yeezy Boost 350 V2'),('ID5103','CA03','Yeezy Slide'),('ID5104','CA03','Yeezy Slide'),('ID5480','CA03','Yeezy Slide'),('IE3699','CA07','Handball Spezial'),('IE4783','CA05','Yeezy 500'),('IE4931','CA04','Yeezy Foam RNR'),('IE5836','CA08','Samba'),('IF3219','CA01','Yeezy Boost 350 V2'),('IF6490','CA07','Handball Spezial'),('IF9735','CA19','Bad Bunny'),('IG5349','CA04','Yeezy Foam RNR'),('IG9030','CA08','Samba'),('JH6206','CA16','Adizero'),('JH7834','CA17','BW Army'),('JI0280','CA08','Samba'),('JI2734','CA08','Samba'),('JI2735','CA08','Samba'),('JP5309','CA10','Gazelle'),('JQ2393','CA18','Harden Vol. 8'),('JQ6140','CA15','AE 1'),('JQ9229','CA12','Ballerina'),('JQ9230','CA12','Ballerina'),('JR0035','CA08','Samba'),('JR3915','CA15','AE 1'),('JR7030','CA13','Taekwondo'),('JR7031','CA13','Taekwondo'),('KI0565','CA11','Climacool');
/*!40000 ALTER TABLE `adidas` ENABLE KEYS */;
UNLOCK TABLES;

--
-- Table structure for table `admin_users`
--

DROP TABLE IF EXISTS `admin_users`;
/*!40101 SET @saved_cs_client     = @@character_set_client */;
/*!50503 SET character_set_client = utf8mb4 */;
CREATE TABLE `admin_users` (
  `UserID` varchar(10) NOT NULL,
  `Admin_ID` varchar(10) DEFAULT NULL,
  PRIMARY KEY (`UserID`),
  CONSTRAINT `admin_users_ibfk_1` FOREIGN KEY (`UserID`) REFERENCES `users` (`UserID`)
) ENGINE=InnoDB DEFAULT CHARSET=utf8mb4 COLLATE=utf8mb4_0900_ai_ci;
/*!40101 SET character_set_client = @saved_cs_client */;

--
-- Dumping data for table `admin_users`
--

LOCK TABLES `admin_users` WRITE;
/*!40000 ALTER TABLE `admin_users` DISABLE KEYS */;
INSERT INTO `admin_users` VALUES ('A001','ADM001'),('A002','ADM002'),('A003','ADM003');
/*!40000 ALTER TABLE `admin_users` ENABLE KEYS */;
UNLOCK TABLES;

--
-- Table structure for table `as_per`
--

DROP TABLE IF EXISTS `as_per`;
/*!40101 SET @saved_cs_client     = @@character_set_client */;
/*!50503 SET character_set_client = utf8mb4 */;
CREATE TABLE `as_per` (
  `Shoe_ID` varchar(10) NOT NULL,
  `Category_ID` varchar(10) NOT NULL,
  PRIMARY KEY (`Shoe_ID`,`Category_ID`),
  KEY `Category_ID` (`Category_ID`),
  CONSTRAINT `as_per_ibfk_1` FOREIGN KEY (`Shoe_ID`) REFERENCES `shoe_products` (`Shoe_ID`),
  CONSTRAINT `as_per_ibfk_2` FOREIGN KEY (`Category_ID`) REFERENCES `category` (`Category_ID`)
) ENGINE=InnoDB DEFAULT CHARSET=utf8mb4 COLLATE=utf8mb4_0900_ai_ci;
/*!40101 SET character_set_client = @saved_cs_client */;

--
-- Dumping data for table `as_per`
--

LOCK TABLES `as_per` WRITE;
/*!40000 ALTER TABLE `as_per` DISABLE KEYS */;
INSERT INTO `as_per` VALUES ('BY1604','CA01'),('CP9652','CA01'),('CP9654','CA01'),('EF2905','CA01'),('GW1229','CA01'),('GY3438','CA01'),('GY7164','CA01'),('HP7870','CA01'),('HQ2059','CA01'),('HQ4540','CA01'),('HQ6316','CA01'),('HQ7045','CA01'),('ID4811','CA01'),('IF3219','CA01'),('B75571','CA02'),('FZ5896','CA03'),('FZ5897','CA03'),('HQ6448','CA03'),('ID2349','CA03'),('ID2350','CA03'),('ID4132','CA03'),('ID4133','CA03'),('ID5103','CA03'),('ID5104','CA03'),('ID5480','CA03'),('HP8739','CA04'),('ID4126','CA04'),('IE4931','CA04'),('IG5349','CA04'),('IE4783','CA05'),('H03665','CA06'),('BD7633','CA07'),('IE3699','CA07'),('IF6490','CA07'),('B75807/BZ0','CA08'),('BZ0057/B75','CA08'),('ID0477','CA08'),('ID0478','CA08'),('IE5836','CA08'),('IG9030','CA08'),('JI0280','CA08'),('JI2734','CA08'),('JI2735','CA08'),('JR0035','CA08'),('HQ8708','CA09'),('JP5309','CA10'),('KI0565','CA11'),('JQ9229','CA12'),('JQ9230','CA12'),('JR7030','CA13'),('JR7031','CA13'),('ID0780','CA14'),('JQ6140','CA15'),('JR3915','CA15'),('JH6206','CA16'),('JH7834','CA17'),('JQ2393','CA18'),('ID2529','CA19'),('ID2534','CA19'),('IF9735','CA19'),('553558-146','CJ01'),('CZ0790-102','CJ01'),('CZ0790-107','CJ01'),('CZ0790-110','CJ01'),('CZ0790-400','CJ01'),('DM7866-200','CJ01'),('DM7866-202','CJ01'),('DV1309-100','CJ01'),('DV1748-601','CJ01'),('DZ4137-700','CJ01'),('DZ5485-010','CJ01'),('DZ5485-100','CJ01'),('DZ5485-106','CJ01'),('DZ5485-400','CJ01'),('DZ5485-402','CJ01'),('DZ5485-612','CJ01'),('HF1567-200','CJ01'),('HV6674-067','CJ01'),('HV8563-600','CJ01'),('AQ9129-170','CJ02'),('DH6927-017','CJ02'),('DH6927-161','CJ02'),('DR5415-100','CJ02'),('FQ7928-001','CJ02'),('FQ8138-001','CJ02'),('FQ8138-002','CJ02'),('FQ8213-001','CJ02'),('FQ8213-006','CJ02'),('FV5029-006','CJ02'),('FV5029-100','CJ02'),('FV5029-141','CJ02'),('FZ4810-200','CJ02'),('HF4340-800','CJ02'),('HV0823-003','CJ02'),('HV0823-100','CJ02'),('IB4171-100','CJ02'),('CT8012-005','CJ03'),('CT8012-104','CJ03'),('CT8012-116','CJ03'),('CT8012-170','CJ03'),('FV5104-006','CJ03'),('FV5121-006','CJ03'),('153265-002','CJ04'),('CT8013-002','CJ04'),('CT8013-112','CJ04'),('487471-160','CJ05'),('CT8532-001','CJ06'),('CT8532-031','CJ06'),('CT8532-101','CJ06'),('CT8532-106','CJ06'),('DN3707-010','CJ06'),('DN3707-100','CJ06'),('FZ4811-001','CJ06'),('HV8571-100','CJ06'),('IB1482-100','CJ06'),('IB8967-004','CJ06'),('HF3975-001','CJ07'),('HF3976-001','CJ07'),('CT8529-112','CJ08'),('CT8529-164','CJ08'),('FZ8117-102','CJ09'),('FZ8117-204','CJ09'),('315122-001','CN01'),('315122-111','CN01'),('CU9225-001','CN01'),('CU9225-100','CN01'),('CZ8065-100','CN01'),('HJ9346-100','CN01'),('IB8874-111','CN01'),('CD2563-101','CN03'),('FZ1291-600','CN03'),('HF3058-300','CN03'),('HF8022-300','CN03'),('HJ4132-100','CN03'),('CD6404-100','CN04'),('CN0149-001','CN04'),('HQ3818-001','CN04'),('CZ7871-001','CN05'),('FB2709-003','CN05'),('FV4710-100','CN05'),('HJ5996-001','CN05'),('HM4740-001','CN05'),('HM9936-001','CN05'),('CW2190-400','CN06'),('FN0266-800','CN06'),('FQ3545-300','CN06'),('FQ3546-100','CN06'),('FV4921-600','CN06'),('FZ7333-002','CN06'),('HJ4209-010','CN06'),('HM9621-900','CN06'),('IB4481-500','CN06'),('FQ4303-400','CN07'),('HJ6014-400','CN07'),('FD0884-025','CN08'),('HV4479-001','CN09'),('HV5060-001','CN09'),('HV5060-002','CN09'),('HV5060-003','CN09'),('HV5060-100','CN09'),('HQ2592-102','CN10'),('FZ8605-601','CN11'),('IF0302-800','CN11'),('FZ1518-600','CN12'),('FZ8224-100','CN14'),('HQ3072-400','CN15'),('HQ3073-100','CN15'),('CW1590-100','CN16'),('DD1391-100','CN16'),('DD1391-103','CN16'),('DD1503-101','CN16'),('DV0833-113','CN16'),('CZ0175‌-‌0','CN17'),('IF1617-600','CN18'),('309755-01','CP01'),('376678-02','CP01'),('376848-01','CP01'),('376941-04','CP01'),('376941-07','CP01'),('379223-01','CP01'),('377411-02','CP02'),('379420-01','CP02'),('309847-01','CP03'),('310511-01','CP03'),('310512-01','CP03'),('310519-01','CP03'),('311327-01','CP03'),('378916-01','CP03'),('379221-01','CP03'),('310697-01','CP04'),('310775-01','CP04'),('310776-01','CP04'),('310836-01','CP04'),('311307-01','CP04'),('311308-01','CP04'),('311310-01','CP04'),('311318-01','CP04'),('312055-01','CP04'),('374915-02','CP05'),('396520-01','CP05'),('396521-01','CP05'),('396524-01','CP05'),('396525-01','CP05'),('398846-01','CP06'),('398846-02','CP06'),('398846-12','CP06'),('398846-31','CP06'),('400986-02','CP06'),('401287-01','CP06'),('401287-02','CP06'),('401287-06','CP06'),('401287-07','CP06'),('401581-01','CP06'),('403587-01','CP06'),('403903-01','CP06'),('397330-05','CP07'),('401540-03','CP07'),('401208-01','CP08'),('379328-01','CP09'),('78300001','CP10'),('783001-01','CP10'),('398671-01','CP11'),('399606-01','CP12'),('401304-01','CP13'),('401305-01','CP13');
/*!40000 ALTER TABLE `as_per` ENABLE KEYS */;
UNLOCK TABLES;

--
-- Table structure for table `casual_users`
--

DROP TABLE IF EXISTS `casual_users`;
/*!40101 SET @saved_cs_client     = @@character_set_client */;
/*!50503 SET character_set_client = utf8mb4 */;
CREATE TABLE `casual_users` (
  `UserID` varchar(10) NOT NULL,
  PRIMARY KEY (`UserID`),
  CONSTRAINT `casual_users_ibfk_1` FOREIGN KEY (`UserID`) REFERENCES `users` (`UserID`)
) ENGINE=InnoDB DEFAULT CHARSET=utf8mb4 COLLATE=utf8mb4_0900_ai_ci;
/*!40101 SET character_set_client = @saved_cs_client */;

--
-- Dumping data for table `casual_users`
--

LOCK TABLES `casual_users` WRITE;
/*!40000 ALTER TABLE `casual_users` DISABLE KEYS */;
INSERT INTO `casual_users` VALUES ('U101'),('U102'),('U103'),('U104'),('U105');
/*!40000 ALTER TABLE `casual_users` ENABLE KEYS */;
UNLOCK TABLES;

--
-- Table structure for table `category`
--

DROP TABLE IF EXISTS `category`;
/*!40101 SET @saved_cs_client     = @@character_set_client */;
/*!50503 SET character_set_client = utf8mb4 */;
CREATE TABLE `category` (
  `Category_ID` varchar(10) NOT NULL,
  PRIMARY KEY (`Category_ID`)
) ENGINE=InnoDB DEFAULT CHARSET=utf8mb4 COLLATE=utf8mb4_0900_ai_ci;
/*!40101 SET character_set_client = @saved_cs_client */;

--
-- Dumping data for table `category`
--

LOCK TABLES `category` WRITE;
/*!40000 ALTER TABLE `category` DISABLE KEYS */;
INSERT INTO `category` VALUES ('CA01'),('CA02'),('CA03'),('CA04'),('CA05'),('CA06'),('CA07'),('CA08'),('CA09'),('CA10'),('CA11'),('CA12'),('CA13'),('CA14'),('CA15'),('CA16'),('CA17'),('CA18'),('CA19'),('CA20'),('CJ01'),('CJ02'),('CJ03'),('CJ04'),('CJ05'),('CJ06'),('CJ07'),('CJ08'),('CJ09'),('CN01'),('CN02'),('CN03'),('CN04'),('CN05'),('CN06'),('CN07'),('CN08'),('CN09'),('CN10'),('CN11'),('CN12'),('CN13'),('CN14'),('CN15'),('CN16'),('CN17'),('CN18'),('CP01'),('CP02'),('CP03'),('CP04'),('CP05'),('CP06'),('CP07'),('CP08'),('CP09'),('CP10'),('CP11'),('CP12'),('CP13');
/*!40000 ALTER TABLE `category` ENABLE KEYS */;
UNLOCK TABLES;

--
-- Table structure for table `feedback`
--

DROP TABLE IF EXISTS `feedback`;
/*!40101 SET @saved_cs_client     = @@character_set_client */;
/*!50503 SET character_set_client = utf8mb4 */;
CREATE TABLE `feedback` (
  `UserID` varchar(10) NOT NULL,
  `Shoe_ID` varchar(10) NOT NULL,
  PRIMARY KEY (`UserID`,`Shoe_ID`),
  KEY `Shoe_ID` (`Shoe_ID`),
  CONSTRAINT `feedback_ibfk_1` FOREIGN KEY (`UserID`) REFERENCES `users` (`UserID`),
  CONSTRAINT `feedback_ibfk_2` FOREIGN KEY (`Shoe_ID`) REFERENCES `shoe_products` (`Shoe_ID`)
) ENGINE=InnoDB DEFAULT CHARSET=utf8mb4 COLLATE=utf8mb4_0900_ai_ci;
/*!40101 SET character_set_client = @saved_cs_client */;

--
-- Dumping data for table `feedback`
--

LOCK TABLES `feedback` WRITE;
/*!40000 ALTER TABLE `feedback` DISABLE KEYS */;
INSERT INTO `feedback` VALUES ('U103','315122-001'),('U103','398846-12'),('U104','403587-01'),('U101','AQ9129-170'),('U104','CD6404-100'),('U102','CT8532-031'),('U101','CZ0790-110'),('U105','DN3707-010'),('U103','FZ8224-100'),('U101','FZ8605-401'),('U105','HJ5996-001'),('U104','HQ8708'),('U102','HV4479-001'),('U105','IF3219'),('U102','JR3915');
/*!40000 ALTER TABLE `feedback` ENABLE KEYS */;
UNLOCK TABLES;

--
-- Table structure for table `jordan`
--

DROP TABLE IF EXISTS `jordan`;
/*!40101 SET @saved_cs_client     = @@character_set_client */;
/*!50503 SET character_set_client = utf8mb4 */;
CREATE TABLE `jordan` (
  `Shoe_ID` varchar(10) NOT NULL,
  `Category_ID` varchar(10) DEFAULT NULL,
  `Model` varchar(50) DEFAULT NULL,
  PRIMARY KEY (`Shoe_ID`),
  KEY `Category_ID` (`Category_ID`),
  CONSTRAINT `jordan_ibfk_1` FOREIGN KEY (`Shoe_ID`) REFERENCES `shoe_products` (`Shoe_ID`),
  CONSTRAINT `jordan_ibfk_2` FOREIGN KEY (`Category_ID`) REFERENCES `category` (`Category_ID`)
) ENGINE=InnoDB DEFAULT CHARSET=utf8mb4 COLLATE=utf8mb4_0900_ai_ci;
/*!40101 SET character_set_client = @saved_cs_client */;

--
-- Dumping data for table `jordan`
--

LOCK TABLES `jordan` WRITE;
/*!40000 ALTER TABLE `jordan` DISABLE KEYS */;
INSERT INTO `jordan` VALUES ('153265-002','CJ04','Jordan 12'),('487471-160','CJ05','Jordan 14'),('553558-146','CJ01','Jordan 1'),('AQ9129-170','CJ02','Jordan 4'),('CT8012-005','CJ03','Jordan 11'),('CT8012-104','CJ03','Jordan 11'),('CT8012-116','CJ03','Jordan 11'),('CT8012-170','CJ03','Jordan 11'),('CT8013-002','CJ04','Jordan 12'),('CT8013-112','CJ04','Jordan 12'),('CT8529-112','CJ08','Jordan 6'),('CT8529-164','CJ08','Jordan 6'),('CT8532-001','CJ06','Jordan 3'),('CT8532-031','CJ06','Jordan 3'),('CT8532-101','CJ06','Jordan 3'),('CT8532-106','CJ06','Jordan 3'),('CZ0790-102','CJ01','Jordan 1'),('CZ0790-107','CJ01','Jordan 1'),('CZ0790-110','CJ01','Jordan 1'),('CZ0790-400','CJ01','Jordan 1'),('DH6927-017','CJ02','Jordan 4'),('DH6927-161','CJ02','Jordan 4'),('DM7866-200','CJ01','Jordan 1'),('DM7866-202','CJ01','Jordan 1'),('DN3707-010','CJ06','Jordan 3'),('DN3707-100','CJ06','Jordan 3'),('DR5415-100','CJ02','Jordan 4'),('DV1309-100','CJ01','Jordan 1'),('DV1748-601','CJ01','Jordan 1'),('DZ4137-700','CJ01','Jordan 1'),('DZ5485-010','CJ01','Jordan 1'),('DZ5485-100','CJ01','Jordan 1'),('DZ5485-106','CJ01','Jordan 1'),('DZ5485-400','CJ01','Jordan 1'),('DZ5485-402','CJ01','Jordan 1'),('DZ5485-612','CJ01','Jordan 1'),('FQ7928-001','CJ02','Jordan 4'),('FQ8138-001','CJ02','Jordan 4'),('FQ8138-002','CJ02','Jordan 4'),('FQ8213-001','CJ02','Jordan 4'),('FQ8213-006','CJ02','Jordan 4'),('FV5029-006','CJ02','Jordan 4'),('FV5029-100','CJ02','Jordan 4'),('FV5029-141','CJ02','Jordan 4'),('FV5104-006','CJ03','Jordan 11'),('FV5121-006','CJ03','Jordan 11'),('FZ4810-200','CJ02','Jordan 4'),('FZ4811-001','CJ06','Jordan 3'),('FZ8117-102','CJ09','Jordan Jumpman'),('FZ8117-204','CJ09','Jordan Jumpman'),('HF1567-200','CJ01','Jordan 1'),('HF3975-001','CJ07','Jordan 5'),('HF3976-001','CJ07','Jordan 5'),('HF4340-800','CJ02','Jordan 4'),('HV0823-003','CJ02','Jordan 4'),('HV0823-100','CJ02','Jordan 4'),('HV6674-067','CJ01','Jordan 1'),('HV8563-600','CJ01','Jordan 1'),('HV8571-100','CJ06','Jordan 3'),('IB1482-100','CJ06','Jordan 3'),('IB4171-100','CJ02','Jordan 4'),('IB8967-004','CJ06','Jordan 3');
/*!40000 ALTER TABLE `jordan` ENABLE KEYS */;
UNLOCK TABLES;

--
-- Table structure for table `nike`
--

DROP TABLE IF EXISTS `nike`;
/*!40101 SET @saved_cs_client     = @@character_set_client */;
/*!50503 SET character_set_client = utf8mb4 */;
CREATE TABLE `nike` (
  `Shoe_ID` varchar(10) NOT NULL,
  `Category_ID` varchar(10) DEFAULT NULL,
  `Model` varchar(50) DEFAULT NULL,
  PRIMARY KEY (`Shoe_ID`),
  KEY `Category_ID` (`Category_ID`),
  CONSTRAINT `nike_ibfk_1` FOREIGN KEY (`Shoe_ID`) REFERENCES `shoe_products` (`Shoe_ID`),
  CONSTRAINT `nike_ibfk_2` FOREIGN KEY (`Category_ID`) REFERENCES `category` (`Category_ID`)
) ENGINE=InnoDB DEFAULT CHARSET=utf8mb4 COLLATE=utf8mb4_0900_ai_ci;
/*!40101 SET character_set_client = @saved_cs_client */;

--
-- Dumping data for table `nike`
--

LOCK TABLES `nike` WRITE;
/*!40000 ALTER TABLE `nike` DISABLE KEYS */;
INSERT INTO `nike` VALUES ('315122-001','CN01','Air Force 1'),('315122-111','CN01','Air Force 1'),('CD2563-101','CN03','SB Dunk'),('CD6404-100','CN04','P-6000'),('CN0149-001','CN04','P-6000'),('CU9225-001','CN01','Air Force 1'),('CU9225-100','CN01','Air Force 1'),('CW1590-100','CN16','Dunk'),('CW2190-400','CN06','Kobe'),('CZ0175‌-‌0','CN17','Air Zoom'),('CZ7871-001','CN05','Air Max '),('CZ8065-100','CN01','Air Force 1'),('DD1391-100','CN16','Dunk'),('DD1391-103','CN16','Dunk'),('DD1503-101','CN16','Dunk'),('DV0833-113','CN16','Dunk'),('FB2709-003','CN05','Air Max '),('FD0884-025','CN08','Zoom Vomero'),('FN0266-800','CN06','Kobe'),('FQ3545-300','CN06','Kobe'),('FQ3546-100','CN06','Kobe'),('FQ4303-400','CN07','Foamposite'),('FV4710-100','CN05','Air Max '),('FV4921-600','CN06','Kobe'),('FZ1291-600','CN03','SB Dunk'),('FZ1518-600','CN12','KD'),('FZ7333-002','CN06','Kobe'),('FZ8224-100','CN14','Diamond Turf'),('FZ8605-601','CN11','Ja'),('HF3058-300','CN03','SB Dunk'),('HF8022-300','CN03','SB Dunk'),('HJ4132-100','CN03','SB Dunk'),('HJ4209-010','CN06','Kobe'),('HJ5996-001','CN05','Air Max '),('HJ6014-400','CN07','Foamposite'),('HJ9346-100','CN01','Air Force 1'),('HM4740-001','CN05','Air Max '),('HM9621-900','CN06','Kobe'),('HM9936-001','CN05','Air Max '),('HQ2592-102','CN10','Zoom Pegasus'),('HQ3072-400','CN15','Field Jaxx'),('HQ3073-100','CN15','Field Jaxx'),('HQ3818-001','CN04','P-6000'),('HV4479-001','CN09','ReactX'),('HV5060-001','CN09','ReactX'),('HV5060-002','CN09','ReactX'),('HV5060-003','CN09','ReactX'),('HV5060-100','CN09','ReactX'),('IB4481-500','CN06','Kobe'),('IB8874-111','CN01','Air Force 1'),('IF0302-800','CN11','Ja'),('IF1617-600','CN18','Air DT');
/*!40000 ALTER TABLE `nike` ENABLE KEYS */;
UNLOCK TABLES;

--
-- Table structure for table `pricelisting`
--

DROP TABLE IF EXISTS `pricelisting`;
/*!40101 SET @saved_cs_client     = @@character_set_client */;
/*!50503 SET character_set_client = utf8mb4 */;
CREATE TABLE `pricelisting` (
  `Price_ID` varchar(20) NOT NULL,
  `Shoe_ID` varchar(10) DEFAULT NULL,
  `Price` decimal(10,2) DEFAULT NULL,
  `Retailer_ID` varchar(10) DEFAULT NULL,
  `buy_link` varchar(100) DEFAULT NULL,
  PRIMARY KEY (`Price_ID`),
  KEY `Shoe_ID` (`Shoe_ID`),
  KEY `Retailer_ID` (`Retailer_ID`),
  CONSTRAINT `pricelisting_ibfk_1` FOREIGN KEY (`Shoe_ID`) REFERENCES `shoe_products` (`Shoe_ID`),
  CONSTRAINT `pricelisting_ibfk_2` FOREIGN KEY (`Retailer_ID`) REFERENCES `retailer` (`Retailer_ID`)
) ENGINE=InnoDB DEFAULT CHARSET=utf8mb4 COLLATE=utf8mb4_0900_ai_ci;
/*!40101 SET character_set_client = @saved_cs_client */;

--
-- Dumping data for table `pricelisting`
--

LOCK TABLES `pricelisting` WRITE;
/*!40000 ALTER TABLE `pricelisting` DISABLE KEYS */;
INSERT INTO `pricelisting` VALUES ('153265-002_R001','153265-002',97.00,'R001','https://stockx.com/air-jordan-12-retro-flu-game-2025-gs'),('153265-002_R002','153265-002',114.00,'R002','https://www.flightclub.com/air-jordan-12-retro-gs-flu-game-2025-153265-002-25'),('153265-002_R003','153265-002',114.00,'R003','http://www.goat.com/sneakers/air-jordan-12-retro-gs-flu-game-2025-153265-002-25'),('309755-01_R001','309755-01',110.00,'R001','https://stockx.com/puma-lamelo-ball-mb01-iridescent'),('309755-01_R002','309755-01',105.00,'R002','https://www.flightclub.com/mb-01-iridescent-309755-01'),('309755-01_R003','309755-01',105.00,'R003','http://www.goat.com/sneakers/mb-01-iridescent-309755-01'),('309847-01_R001','309847-01',65.00,'R001','https://stockx.com/puma-lamelo-ball-mb03-porsche'),('309847-01_R002','309847-01',75.00,'R002','https://www.flightclub.com/porsche-x-mb-03-sport-yellow-309847-01'),('309847-01_R003','309847-01',75.00,'R003','http://www.goat.com/sneakers/porsche-x-mb-03-sport-yellow-309847-01'),('310511-01_R001','310511-01',99.00,'R001','https://stockx.com/puma-lamelo-ball-mb03-miami'),('310511-01_R002','310511-01',80.00,'R002','https://www.flightclub.com/mb-03-miami-310511-01'),('310511-01_R003','310511-01',72.00,'R003','http://www.goat.com/sneakers/mb-03-miami-310511-01'),('310512-01_R001','310512-01',208.00,'R001','https://stockx.com/puma-lamelo-ball-mb03-miami-gs'),('310512-01_R002','310512-01',117.00,'R002','https://www.flightclub.com/mb-03-jr-miami-310512-01'),('310512-01_R003','310512-01',117.00,'R003','http://www.goat.com/sneakers/mb-03-jr-miami-310512-01'),('310519-01_R001','310519-01',102.00,'R001','https://stockx.com/puma-lamelo-ball-mb03-lo-team-hyperlink-blue'),('310519-01_R002','310519-01',76.00,'R002','https://www.flightclub.com/mb-03-lo-team-blue-310519-01'),('310519-01_R003','310519-01',75.00,'R003','http://www.goat.com/sneakers/mb-03-lo-team-blue-310519-01'),('310697-01_R001','310697-01',119.00,'R001','https://stockx.com/puma-lamelo-ball-mb04-lafrance'),('310697-01_R002','310697-01',94.00,'R002','https://www.flightclub.com/lafrance-x-mb-04-love-rare-310697-01'),('310697-01_R003','310697-01',93.00,'R003','http://www.goat.com/sneakers/lafrance-x-mb-04-love-rare-310697-01'),('310775-01_R001','310775-01',188.00,'R001','https://stockx.com/puma-lamelo-ball-mb04-lafrance-gs'),('310775-01_R002','310775-01',175.00,'R002','https://www.flightclub.com/lafrance-x-mb-04-jr-1-of-1-310775-01'),('310775-01_R003','310775-01',175.00,'R003','http://www.goat.com/sneakers/lafrance-x-mb-04-jr-1-of-1-310775-01'),('310776-01_R001','310776-01',80.00,'R001','https://stockx.com/puma-lamelo-ball-mb04-scooby-doo'),('310776-01_R002','310776-01',87.00,'R002','https://www.flightclub.com/scooby-doo-x-mb-04-mystery-machine-310776-01'),('310776-01_R003','310776-01',85.00,'R003','http://www.goat.com/sneakers/scooby-doo-x-mb-04-mystery-machine-310776-01'),('310836-01_R001','310836-01',83.00,'R001','https://stockx.com/puma-lamelo-ball-mb04-iridescent'),('310836-01_R002','310836-01',75.00,'R002','https://www.flightclub.com/mb-04-iridescent-310836-01'),('310836-01_R003','310836-01',75.00,'R003','http://www.goat.com/sneakers/mb-04-iridescent-310836-01'),('310864-01_R001','310864-01',99.00,'R001','https://stockx.com/puma-lamelo-ball-lafrance-amour-moment'),('310864-01_R002','310864-01',105.00,'R002','https://www.flightclub.com/la-france-moment-310864-01'),('310864-01_R003','310864-01',105.00,'R003','http://www.goat.com/sneakers/la-france-moment-310864-01'),('310865-01_R001','310865-01',118.00,'R001','https://stockx.com/puma-lamelo-ball-lafrance-amour-untouchable'),('310865-01_R002','310865-01',106.00,'R002','https://www.flightclub.com/la-france-untouchable-310865-01'),('310865-01_R003','310865-01',75.00,'R003','http://www.goat.com/sneakers/la-france-untouchable-310865-01'),('310866-01_R001','310866-01',109.00,'R001','https://stockx.com/puma-lamelo-ball-lafrance-amour-1-of-1'),('310866-01_R002','310866-01',89.00,'R002','https://www.flightclub.com/lafrance-1-of-1-310866-01'),('310866-01_R003','310866-01',95.00,'R003','http://www.goat.com/sneakers/lafrance-1-of-1-310866-01'),('310867-01_R001','310867-01',81.00,'R001','https://stockx.com/puma-lamelo-ball-lafrance-amour-gifted'),('310867-01_R002','310867-01',77.00,'R002','https://www.flightclub.com/lafrance-gifted-310867-01'),('310867-01_R003','310867-01',77.00,'R003','http://www.goat.com/sneakers/lafrance-gifted-310867-01'),('310868-01_R001','310868-01',77.00,'R001','https://stockx.com/puma-lamelo-ball-lafrance-amour-slime'),('310868-01_R002','310868-01',87.00,'R002','https://www.flightclub.com/lafrance-slime-310868-01'),('310868-01_R003','310868-01',73.00,'R003','http://www.goat.com/sneakers/lafrance-slime-310868-01'),('310869-01_R001','310869-01',84.00,'R001','https://stockx.com/puma-lamelo-ball-lafrance-amour-valentines-day'),('310869-01_R002','310869-01',71.00,'R002','https://www.flightclub.com/la-france-pink-carpet-310869-01'),('310869-01_R003','310869-01',58.00,'R003','http://www.goat.com/sneakers/la-france-pink-carpet-310869-01'),('310870-01_R001','310870-01',76.00,'R001','https://stockx.com/puma-lamelo-ball-lafrance-amour-moment-gs'),('310870-01_R002','310870-01',55.00,'R002','https://www.flightclub.com/la-france-jr-moment-310870-01'),('310870-01_R003','310870-01',55.00,'R003','http://www.goat.com/sneakers/la-france-jr-moment-310870-01'),('310872-01_R001','310872-01',99.00,'R001','https://stockx.com/puma-lamelo-ball-lafrance-amour-1-of-1-gs'),('310872-01_R002','310872-01',99.00,'R002','https://www.flightclub.com/la-france-jr-1-of-1-310872-01'),('310872-01_R003','310872-01',99.00,'R003','http://www.goat.com/sneakers/la-france-jr-1-of-1-310872-01'),('311307-01_R001','311307-01',99.00,'R001','https://stockx.com/puma-lamelo-ball-mb04-teenage-mutant-ninja-turtles-leonardo-and-michelangelo'),('311307-01_R002','311307-01',108.00,'R002','https://www.flightclub.com/teenage-mutant-ninja-turtles-x-mb-04-leonardo-michelangelo-311307-01'),('311307-01_R003','311307-01',108.00,'R003','http://www.goat.com/sneakers/teenage-mutant-ninja-turtles-x-mb-04-leonardo-michelangelo-311307-01'),('311308-01_R001','311308-01',79.00,'R001','https://stockx.com/puma-lamelo-ball-mb04-phoenix'),('311308-01_R002','311308-01',70.00,'R002','https://www.flightclub.com/mb-04-phoenix-311308-01'),('311308-01_R003','311308-01',70.00,'R003','http://www.goat.com/sneakers/mb-04-phoenix-311308-01'),('311310-01_R001','311310-01',74.00,'R001','https://stockx.com/puma-lamelo-ball-mb04-reflections'),('311310-01_R002','311310-01',125.00,'R002','https://www.flightclub.com/mb-04-reflections-311310-01'),('311310-01_R003','311310-01',125.00,'R003','http://www.goat.com/sneakers/mb-04-reflections-311310-01'),('311318-01_R001','311318-01',85.00,'R001','https://stockx.com/puma-lamelo-ball-mb04-lo-alien-skin'),('311318-01_R002','311318-01',119.00,'R002','https://www.flightclub.com/mb-04-lo-metamorphosis-311318-01'),('311318-01_R003','311318-01',100.00,'R003','http://www.goat.com/sneakers/mb-04-lo-metamorphosis-311318-01'),('311327-01_R001','311327-01',101.00,'R001','https://stockx.com/puma-lamelo-ball-mb03-lo-teenage-mutant-ninja-turtles-krang'),('311327-01_R002','311327-01',97.00,'R002','https://www.flightclub.com/teenage-mutant-ninja-turtles-x-mb-03-lo-krang-311327-01'),('311327-01_R003','311327-01',97.00,'R003','http://www.goat.com/sneakers/teenage-mutant-ninja-turtles-x-mb-03-lo-krang-311327-01'),('311333-02_R001','311333-02',109.00,'R001','https://stockx.com/puma-lamelo-ball-lafrance-mothers-day'),('311333-02_R002','311333-02',118.00,'R002','https://www.flightclub.com/lafranc-mother-aos-day-311333-02'),('311333-02_R003','311333-02',118.00,'R003','http://www.goat.com/sneakers/lafranc-mother-aos-day-311333-02'),('311334-01_R001','311334-01',83.00,'R001','https://stockx.com/puma-lamelo-ball-lafrance-amour-chrome-silver'),('311334-01_R002','311334-01',88.00,'R002','https://www.flightclub.com/lafrance-silver-mist-311334-01'),('311334-01_R003','311334-01',69.00,'R003','http://www.goat.com/sneakers/lafrance-silver-mist-311334-01'),('311335-01_R001','311335-01',85.00,'R001','https://stockx.com/puma-lamelo-ball-lafrance-amour-black'),('311335-01_R002','311335-01',92.00,'R002','https://www.flightclub.com/la-france-black-chrome-311335-01'),('311335-01_R003','311335-01',90.00,'R003','http://www.goat.com/sneakers/la-france-black-chrome-311335-01'),('311340-01_R001','311340-01',73.00,'R001','https://stockx.com/puma-lamelo-ball-lafrance-amour-black-gs'),('311340-01_R002','311340-01',76.00,'R002','https://www.flightclub.com/la-france-jr-black-chrome-311340-01'),('311340-01_R003','311340-01',76.00,'R003','http://www.goat.com/sneakers/la-france-jr-black-chrome-311340-01'),('312055-01_R001','312055-01',102.00,'R001','https://stockx.com/puma-lamelo-ball-mb04-teenage-mutant-ninja-turtles-raphael-and-donatello'),('312055-01_R002','312055-01',105.00,'R002','https://www.flightclub.com/teenage-mutant-ninja-turtles-x-mb-04-donatello-raphael-312055-01'),('312055-01_R003','312055-01',104.00,'R003','http://www.goat.com/sneakers/teenage-mutant-ninja-turtles-x-mb-04-donatello-raphael-312055-01'),('315122-001/CW2288-00','315122-001',78.00,'R001','https://stockx.com/nike-air-force-1-07-black-black'),('315122-111/CW2288-11','315122-111',81.00,'R001','https://stockx.com/nike-air-force-1-low-white-07'),('374915-02_R001','374915-02',35.00,'R001','https://stockx.com/puma-suede-classic-xxi-red'),('374915-02_R002','374915-02',25.00,'R002','https://www.flightclub.com/suede-classic-21-high-risk-red-374915-02'),('374915-02_R003','374915-02',40.00,'R003','http://www.goat.com/sneakers/suede-classic-21-high-risk-red-374915-02'),('376678-02_R001','376678-02',82.00,'R001','https://stockx.com/puma-lamelo-ball-mb01-iridescent-dreams'),('376678-02_R002','376678-02',93.00,'R002','https://www.flightclub.com/mb-01-iridescent-dreams-376678-02'),('376678-02_R003','376678-02',93.00,'R003','http://www.goat.com/sneakers/mb-01-iridescent-dreams-376678-02'),('376848-01_R001','376848-01',110.00,'R001','https://stockx.com/puma-lamelo-ball-mb01-breast-cancer-awareness'),('376848-01_R002','376848-01',100.00,'R002','https://www.flightclub.com/mb-01-breast-cancer-awareness-376848-01'),('376848-01_R003','376848-01',100.00,'R003','http://www.goat.com/sneakers/mb-01-breast-cancer-awareness-376848-01'),('376941-04_R001','376941-04',65.00,'R001','https://stockx.com/puma-lamelo-ball-mb01-white-silver'),('376941-04_R002','376941-04',46.00,'R002','https://www.flightclub.com/mb-01-lo-team-colors-triple-white-376941-04'),('376941-04_R003','376941-04',52.00,'R003','http://www.goat.com/sneakers/mb-01-lo-team-colors-triple-white-376941-04'),('376941-07_R001','376941-07',46.00,'R001','https://stockx.com/puma-lamelo-ball-mb01-lo-green-gecko'),('376941-07_R002','376941-07',45.00,'R002','https://www.flightclub.com/mb-01-lo-team-colors-green-gecko-376941-07'),('376941-07_R003','376941-07',45.00,'R003','http://www.goat.com/sneakers/mb-01-lo-team-colors-green-gecko-376941-07'),('377411-02_R001','377411-02',106.00,'R001','https://stockx.com/puma-lamelo-ball-mb02-rick-and-morty-adventures'),('377411-02_R002','377411-02',114.00,'R002','https://www.flightclub.com/rick-morty-x-mb-02-adventures-377411-02'),('377411-02_R003','377411-02',114.00,'R003','http://www.goat.com/sneakers/rick-morty-x-mb-02-adventures-377411-02'),('378916-01_R001','378916-01',65.00,'R001','https://stockx.com/puma-lamelo-ball-mb03-toxic'),('378916-01_R002','378916-01',58.00,'R002','https://www.flightclub.com/mb-03-toxic-mb03-toxic'),('378916-01_R003','378916-01',58.00,'R003','http://www.goat.com/sneakers/mb-03-toxic-mb03-toxic'),('379221-01_R001','379221-01',75.00,'R001','https://stockx.com/puma-lamelo-ball-mb03-blue-hive'),('379221-01_R002','379221-01',64.00,'R002','https://www.flightclub.com/mb-03-blue-hive-379221-01'),('379221-01_R003','379221-01',64.00,'R003','http://www.goat.com/sneakers/mb-03-blue-hive-379221-01'),('379223-01_R001','379223-01',88.00,'R001','https://stockx.com/puma-lamelo-ball-mb01-golden-child'),('379223-01_R002','379223-01',67.00,'R002','https://www.flightclub.com/mb-01-golden-child-379223-01'),('379223-01_R003','379223-01',67.00,'R003','http://www.goat.com/sneakers/mb-01-golden-child-379223-01'),('379328-01_R001','379328-01',54.00,'R001','https://stockx.com/puma-lamelo-ball-mb03-kidsuper'),('379328-01_R002','379328-01',59.00,'R002','https://www.flightclub.com/kidsuper-studios-x-mb-03-pink-lilac-379328-01'),('379328-01_R003','379328-01',59.00,'R003','http://www.goat.com/sneakers/kidsuper-studios-x-mb-03-pink-lilac-379328-01'),('379420-01_R001','379420-01',72.00,'R001','https://stockx.com/puma-lamelo-ball-mb02-oreo'),('379420-01_R002','379420-01',70.00,'R002','https://www.flightclub.com/mb-02-oreo-379420-01'),('379420-01_R003','379420-01',70.00,'R003','http://www.goat.com/sneakers/mb-02-oreo-379420-01'),('396520-01_R001','396520-01',34.00,'R001','https://stockx.com/puma-suede-one-piece-buggy'),('396520-01_R002','396520-01',35.00,'R002','https://www.flightclub.com/one-piece-x-suede-luffy-396520-01'),('396520-01_R003','396520-01',44.00,'R003','http://www.goat.com/sneakers/one-piece-x-suede-luffy-396520-01'),('396521-01_R001','396521-01',41.00,'R001','https://stockx.com/puma-suede-one-piece-red-hair-pirates'),('396521-01_R002','396521-01',25.00,'R002','https://www.flightclub.com/one-piece-x-suede-red-hair-pirates-396521-01'),('396521-01_R003','396521-01',45.00,'R003','http://www.goat.com/sneakers/one-piece-x-suede-red-hair-pirates-396521-01'),('396524-01_R001','396524-01',62.00,'R001','https://stockx.com/puma-suede-one-piece-white'),('396524-01_R002','396524-01',53.00,'R002','https://www.flightclub.com/one-piece-x-suede-whitebeard-396524-01'),('396524-01_R003','396524-01',51.00,'R003','http://www.goat.com/sneakers/one-piece-x-suede-whitebeard-396524-01'),('396525-01_R001','396525-01',61.00,'R001','https://stockx.com/puma-suede-one-piece-blackbeard'),('396525-01_R002','396525-01',61.00,'R002','https://www.flightclub.com/one-piece-x-suede-blackbeard-396525-01'),('396525-01_R003','396525-01',54.00,'R003','http://www.goat.com/sneakers/one-piece-x-suede-blackbeard-396525-01'),('397330-05_R001','397330-05',140.00,'R001','https://stockx.com/puma-mostro-og-red-silver'),('397330-05_R002','397330-05',98.00,'R002','https://www.flightclub.com/mostro-og-red-silver-397330-05'),('397330-05_R003','397330-05',98.00,'R003','http://www.goat.com/sneakers/mostro-og-red-silver-397330-05'),('398671-01_R001','398671-01',111.00,'R001','https://stockx.com/puma-avanti-c-rihanna-fenty-aged-silver'),('398671-01_R002','398671-01',93.00,'R002','https://www.flightclub.com/fenty-x-avanti-c-aged-silver-398671-01'),('398671-01_R003','398671-01',93.00,'R003','http://www.goat.com/sneakers/fenty-x-avanti-c-aged-silver-398671-01'),('398846-01_R001','398846-01',61.00,'R001','https://stockx.com/puma-speedcat-og-black-white'),('398846-01_R002','398846-01',64.00,'R002','https://www.flightclub.com/speedcat-og-black-white-398846-01'),('398846-01_R003','398846-01',64.00,'R003','http://www.goat.com/sneakers/speedcat-og-black-white-398846-01'),('398846-02_R001','398846-02',65.00,'R001','https://stockx.com/puma-speedcat-og-red-white'),('398846-02_R002','398846-02',69.00,'R002','https://www.flightclub.com/speedcat-og-red-white-398846-02'),('398846-02_R003','398846-02',69.00,'R003','http://www.goat.com/sneakers/speedcat-og-red-white-398846-02'),('398846-12_R001','398846-12',73.00,'R001','https://stockx.com/puma-speedcat-og-dark-myrtle-white'),('398846-12_R002','398846-12',87.00,'R002','https://www.flightclub.com/speedcat-og-dark-myrtle-398846-12'),('398846-12_R003','398846-12',70.00,'R003','http://www.goat.com/sneakers/speedcat-og-dark-myrtle-398846-12'),('398846-31_R001','398846-31',80.00,'R001','https://stockx.com/puma-speedcat-og-haute-coffee-frosted-ivory-gold-tongue-logo'),('398846-31_R002','398846-31',77.00,'R002','https://www.flightclub.com/speedcat-og-haute-coffee-398846-31'),('398846-31_R003','398846-31',75.00,'R003','http://www.goat.com/sneakers/speedcat-og-haute-coffee-398846-31'),('399606-01_R001','399606-01',85.00,'R001','https://stockx.com/puma-suede-xl-ghostbusters-slimer'),('399606-01_R002','399606-01',79.00,'R002','https://www.flightclub.com/ghostbusters-x-suede-xl-slimer-399606-01'),('399606-01_R003','399606-01',79.00,'R003','http://www.goat.com/sneakers/ghostbusters-x-suede-xl-slimer-399606-01'),('400986-02_R001','400986-02',62.00,'R001','https://stockx.com/puma-speedcat-og-red-white-womens'),('400986-02_R002','400986-02',85.00,'R002','https://www.flightclub.com/wmns-speedcat-og-red-white-400986-02'),('400986-02_R003','400986-02',69.00,'R003','http://www.goat.com/sneakers/wmns-speedcat-og-red-white-400986-02'),('401208-01_R001','401208-01',89.00,'R001','https://stockx.com/puma-easy-rider-harry-potter-golden-snitch'),('401208-01_R002','401208-01',85.00,'R002','https://www.flightclub.com/harry-potter-x-easy-rider-hogwarts-401208-01'),('401208-01_R003','401208-01',85.00,'R003','http://www.goat.com/sneakers/harry-potter-x-easy-rider-hogwarts-401208-01'),('401287-01_R001','401287-01',77.00,'R001','https://stockx.com/puma-speedcat-ballet-whisp-of-pink-womens'),('401287-01_R002','401287-01',74.00,'R002','https://www.flightclub.com/wmns-speedcat-ballet-sd-whisp-of-pink-401287-01'),('401287-01_R003','401287-01',74.00,'R003','http://www.goat.com/sneakers/wmns-speedcat-ballet-sd-whisp-of-pink-401287-01'),('401287-02_R001','401287-02',65.00,'R001','https://stockx.com/puma-speedcat-ballet-black-mauve-mist-womens'),('401287-02_R002','401287-02',74.00,'R002','https://www.flightclub.com/wmns-speedcat-ballet-sd-black-mauve-mist-401287-02'),('401287-02_R003','401287-02',74.00,'R003','http://www.goat.com/sneakers/wmns-speedcat-ballet-sd-black-mauve-mist-401287-02'),('401287-06_R001','401287-06',118.00,'R001','https://stockx.com/puma-speedcat-ballet-black-white-womens'),('401287-06_R002','401287-06',110.00,'R002','https://www.flightclub.com/wmns-speedcat-ballet-sd-black-white-401287-06'),('401287-06_R003','401287-06',110.00,'R003','http://www.goat.com/sneakers/wmns-speedcat-ballet-sd-black-white-401287-06'),('401287-07_R001','401287-07',114.00,'R001','https://stockx.com/puma-speedcat-ballet-for-all-time-red-womens'),('401287-07_R002','401287-07',122.00,'R002','https://www.flightclub.com/wmns-speedcat-ballet-sd-for-all-time-red-401287-07'),('401287-07_R003','401287-07',81.00,'R003','http://www.goat.com/sneakers/wmns-speedcat-ballet-sd-for-all-time-red-401287-07'),('401304-01_R001','401304-01',108.00,'R001','https://stockx.com/puma-suede-xl-teenage-mutant-ninja-turtles'),('401304-01_R002','401304-01',86.00,'R002','https://www.flightclub.com/teenage-mutant-ninja-turtles-x-suede-xl-the-four-turtles-401304-01'),('401304-01_R003','401304-01',74.00,'R003','http://www.goat.com/sneakers/teenage-mutant-ninja-turtles-x-suede-xl-the-four-turtles-401304-01'),('401305-01_R001','401305-01',51.00,'R001','https://stockx.com/puma-suede-xl-teenage-mutant-ninja-turtles-krang'),('401305-01_R002','401305-01',66.00,'R002','https://www.flightclub.com/teenage-mutant-ninja-turtles-x-suede-xl-2-krang-401305-01'),('401305-01_R003','401305-01',78.00,'R003','http://www.goat.com/sneakers/teenage-mutant-ninja-turtles-x-suede-xl-2-krang-401305-01'),('401540-03_R001','401540-03',76.00,'R001','https://stockx.com/puma-mostro-camo-green'),('401540-03_R002','401540-03',68.00,'R002','https://www.flightclub.com/mostro-camo-wild-willow-dark-olive-401540-03'),('401540-03_R003','401540-03',68.00,'R003','http://www.goat.com/sneakers/mostro-camo-wild-willow-dark-olive-401540-03'),('401581-01_R001','401581-01',67.00,'R001','https://stockx.com/puma-speedcat-ballet-silver-womens'),('401581-01_R002','401581-01',67.00,'R002','https://www.flightclub.com/wmns-speedcat-ballet-metallic-silver-401581-01'),('401581-01_R003','401581-01',67.00,'R003','http://www.goat.com/sneakers/wmns-speedcat-ballet-metallic-silver-401581-01'),('403587-01_R001','403587-01',82.00,'R001','https://stockx.com/puma-speedcat-ballet-white-black-womens'),('403587-01_R002','403587-01',83.00,'R002','https://www.flightclub.com/wmns-speedcat-ballet-leather-white-black-403587-01'),('403587-01_R003','403587-01',82.00,'R003','http://www.goat.com/sneakers/wmns-speedcat-ballet-leather-white-black-403587-01'),('403903-01_R001','403903-01',104.00,'R001','https://stockx.com/puma-speedcat-ttf-dark-chocolate-frosted-ivory'),('403903-01_R002','403903-01',99.00,'R002','https://www.flightclub.com/speedcat-ttf-dark-chocolate-frosted-ivory-403903-01'),('403903-01_R003','403903-01',99.00,'R003','http://www.goat.com/sneakers/speedcat-ttf-dark-chocolate-frosted-ivory-403903-01'),('487471-160_R001','487471-160',202.00,'R001','https://stockx.com/air-jordan-14-retro-black-toe-2024'),('487471-160_R002','487471-160',209.00,'R002','https://www.flightclub.com/air-jordan-14-retro-black-toe-2024-487471-160'),('487471-160_R003','487471-160',173.00,'R003','http://www.goat.com/sneakers/air-jordan-14-retro-black-toe-2024-487471-160'),('553558-146_R001','553558-146',77.00,'R001','https://stockx.com/air-jordan-1-low-midnight-navy-neutral-grey'),('553558-146_R002','553558-146',81.00,'R002','https://www.flightclub.com/air-jordan-1-low-georgetown-553558-146'),('553558-146_R003','553558-146',81.00,'R003','http://www.goat.com/sneakers/air-jordan-1-low-georgetown-553558-146'),('78300001_R001','78300001',205.00,'R001','https://stockx.com/off-white-x-puma-ac-milan-authentic-jersey-black-power-green'),('783001-01_R001','783001-01',136.00,'R001','https://stockx.com/off-white-x-puma-ac-milan-jersey-black'),('AQ9129-170_R001','AQ9129-170',206.00,'R001','https://stockx.com/air-jordan-4-retro-metallic-gold-womens'),('AQ9129-170_R002','AQ9129-170',164.00,'R002','https://www.flightclub.com/wmns-air-jordan-4-retro-sail-aq9129-170'),('AQ9129-170_R003','AQ9129-170',187.00,'R003','http://www.goat.com/sneakers/wmns-air-jordan-4-retro-sail-aq9129-170'),('B75571_R001','B75571',218.00,'R001','https://stockx.com/adidas-yeezy-wave-runner-700-solid-grey'),('B75571_R002','B75571',322.00,'R002','https://www.flightclub.com/yeezy-boost-700-mgsogr-cwhite-cblack-802501'),('B75571_R003','B75571',264.00,'R003','http://www.goat.com/sneakers/yeezy-wave-runner-700-76fa2bf7-9596-46cb-9842-e024a94baa6c'),('B75807/BZ0058_R001','B75807/BZ0',46.00,'R001','https://stockx.com/adidas-samba-black-white-gum'),('BD7633_R001','BD7633',60.00,'R001','https://stockx.com/adidas-handball-spezial-navy-gum'),('BD7633_R002','BD7633',63.00,'R002','https://www.flightclub.com/handball-spezial-navy-gum-bd7633'),('BD7633_R003','BD7633',63.00,'R003','http://www.goat.com/sneakers/handball-spezial-navy-gum-bd7633'),('BY1604_R001','BY1604',163.00,'R001','https://stockx.com/adidas-yeezy-boost-350-v2-core-black-white'),('BY1604_R002','BY1604',220.00,'R002','https://www.flightclub.com/yeezy-boost-350-v2-cblack-cwhite-cblack-201519'),('BY1604_R003','BY1604',220.00,'R003','http://www.goat.com/sneakers/yeezy-boost-350-v2-by1604'),('BZ0057/B75806_R001','BZ0057/B75',58.00,'R001','https://stockx.com/adidas-samba-og-cloud-white-core-black'),('CD2563-101_R001','CD2563-101',93.00,'R001','https://stockx.com/nike-sb-dunk-low-pro-white-gum'),('CD2563-101_R002','CD2563-101',75.00,'R002','https://www.flightclub.com/dunk-low-sb-white-gum-cd2563-101'),('CD2563-101_R003','CD2563-101',75.00,'R003','http://www.goat.com/sneakers/dunk-low-sb-white-gum-cd2563-101'),('CD6404-100_R001','CD6404-100',85.00,'R001','https://stockx.com/nike-p-6000-triple-white'),('CD6404-100_R002','CD6404-100',79.00,'R002','https://www.flightclub.com/p-6000-white-cd6404-100'),('CD6404-100_R003','CD6404-100',89.00,'R003','http://www.goat.com/sneakers/p-6000-white-cd6404-100'),('CN0149-001_R001','CN0149-001',75.00,'R001','https://stockx.com/nike-p-6000-metallic-silver'),('CN0149-001_R002','CN0149-001',79.00,'R002','https://www.flightclub.com/p-6000-metallic-silver-metallic-silver-sail-black-152203'),('CN0149-001_R003','CN0149-001',68.00,'R003','http://www.goat.com/sneakers/p-6000-metallic-silver-cn0149-001'),('CP9652_R001','CP9652',155.00,'R001','https://stockx.com/adidas-yeezy-boost-350-v2-core-black-red-2017'),('CP9652_R002','CP9652',185.00,'R002','https://www.flightclub.com/yeezy-boost-350-v2-cblack-cblack-red-800389'),('CP9652_R003','CP9652',200.00,'R003','http://www.goat.com/sneakers/yeezy-boost-350-v2-bred-cp9652'),('CP9654_R001','CP9654',220.00,'R001','https://stockx.com/adidas-yeezy-boost-350-v2-white-core-black-red'),('CP9654_R002','CP9654',157.00,'R002','https://www.flightclub.com/yeezy-boost-350-v2-white-cblack-red-800502'),('CP9654_R003','CP9654',223.00,'R003','http://www.goat.com/sneakers/yeezy-boost-350-v2-zebra-cp9654'),('CT8012-005_R001','CT8012-005',178.00,'R001','https://stockx.com/air-jordan-11-retro-cool-grey-2021'),('CT8012-005_R002','CT8012-005',165.00,'R002','https://www.flightclub.com/air-jordan-11-retro-cool-grey-2021-ct8012-005'),('CT8012-005_R003','CT8012-005',88.00,'R003','http://www.goat.com/sneakers/air-jordan-11-retro-cool-grey-2021-ct8012-005'),('CT8012-104_R001','CT8012-104',167.00,'R001','https://stockx.com/air-jordan-11-retro-legend-blue-2024'),('CT8012-104_R002','CT8012-104',165.00,'R002','https://www.flightclub.com/air-jordan-11-retro-columbia-2024-ct8012-104'),('CT8012-104_R003','CT8012-104',119.00,'R003','http://www.goat.com/sneakers/air-jordan-11-retro-columbia-2024-ct8012-104'),('CT8012-116_R001','CT8012-116',239.00,'R001','https://stockx.com/air-jordan-11-retro-cherry-2022'),('CT8012-116_R002','CT8012-116',185.00,'R002','https://www.flightclub.com/air-jordan-11-retro-cherry-ct8012-116'),('CT8012-116_R003','CT8012-116',181.00,'R003','http://www.goat.com/sneakers/air-jordan-11-retro-cherry-ct8012-116'),('CT8012-170_R001','CT8012-170',178.00,'R001','https://stockx.com/air-jordan-11-retro-dmp-defining-moments-2023'),('CT8012-170_R002','CT8012-170',198.00,'R002','https://www.flightclub.com/air-jordan-11-retro-defining-moments-2023-ct8012-170'),('CT8012-170_R003','CT8012-170',198.00,'R003','http://www.goat.com/sneakers/air-jordan-11-retro-defining-moments-2023-ct8012-170'),('CT8013-002_R001','CT8013-002',210.00,'R001','https://stockx.com/air-jordan-12-retro-flu-game-2025'),('CT8013-002_R002','CT8013-002',234.00,'R002','https://www.flightclub.com/air-jordan-12-retro-flu-game-2025-ct8013-002'),('CT8013-002_R003','CT8013-002',210.00,'R003','http://www.goat.com/sneakers/air-jordan-12-retro-flu-game-2025-ct8013-002'),('CT8013-112_R001','CT8013-112',183.00,'R001','https://stockx.com/air-jordan-12-retro-melo-2025'),('CT8013-112_R002','CT8013-112',169.00,'R002','https://www.flightclub.com/air-jordan-12-retro-melo-2025-ct8013-112'),('CT8013-112_R003','CT8013-112',170.00,'R003','http://www.goat.com/sneakers/air-jordan-12-retro-melo-2025-ct8013-112'),('CT8529-112_R001','CT8529-112',98.00,'R001','https://stockx.com/air-jordan-6-retro-reverse-oreo'),('CT8529-112_R002','CT8529-112',80.00,'R002','https://www.flightclub.com/air-jordan-6-retro-reverse-oreo-ct8529-112'),('CT8529-112_R003','CT8529-112',91.00,'R003','http://www.goat.com/sneakers/air-jordan-6-retro-reverse-oreo-ct8529-112'),('CT8529-164_R001','CT8529-164',110.00,'R001','https://stockx.com/air-jordan-6-retro-olympic-2024'),('CT8529-164_R002','CT8529-164',113.00,'R002','https://www.flightclub.com/air-jordan-6-retro-olympic-2024-ct8529-164'),('CT8529-164_R003','CT8529-164',106.00,'R003','http://www.goat.com/sneakers/air-jordan-6-retro-olympic-2024-ct8529-164'),('CT8532-001_R001','CT8532-001',211.00,'R001','https://stockx.com/air-jordan-3-retro-black-cat-2025'),('CT8532-001_R002','CT8532-001',140.00,'R002','https://www.flightclub.com/air-jordan-3-retro-black-cat-2025-ct8532-001'),('CT8532-001_R003','CT8532-001',208.00,'R003','http://www.goat.com/sneakers/air-jordan-3-retro-black-cat-2025-ct8532-001'),('CT8532-031_R001','CT8532-031',105.00,'R001','https://stockx.com/air-jordan-3-retro-green-glow'),('CT8532-031_R002','CT8532-031',95.00,'R002','https://www.flightclub.com/air-jordan-3-retro-green-glow-ct8532-031'),('CT8532-031_R003','CT8532-031',95.00,'R003','http://www.goat.com/sneakers/air-jordan-3-retro-green-glow-ct8532-031'),('CT8532-101_R001','CT8532-101',137.00,'R001','https://stockx.com/air-jordan-3-retro-lucky-shorts'),('CT8532-101_R002','CT8532-101',88.00,'R002','https://www.flightclub.com/air-jordan-3-retro-summit-white-hydrogen-blue-ct8532-101'),('CT8532-101_R003','CT8532-101',118.00,'R003','http://www.goat.com/sneakers/air-jordan-3-retro-summit-white-hydrogen-blue-ct8532-101'),('CT8532-106_R001','CT8532-106',124.00,'R001','https://stockx.com/air-jordan-3-retro-cement-grey'),('CT8532-106_R002','CT8532-106',100.00,'R002','https://www.flightclub.com/air-jordan-3-retro-cement-grey-ct8532-106'),('CT8532-106_R003','CT8532-106',121.00,'R003','http://www.goat.com/sneakers/air-jordan-3-retro-cement-grey-ct8532-106'),('CU9225-001_R001','CU9225-001',135.00,'R001','https://stockx.com/nike-air-force-1-low-supreme-box-logo-black'),('CU9225-001_R002','CU9225-001',100.00,'R002','https://www.flightclub.com/supreme-x-air-force-1-low-box-logo-black-cu9225-001'),('CU9225-001_R003','CU9225-001',128.00,'R003','http://www.goat.com/sneakers/supreme-x-air-force-1-low-box-logo-black-cu9225-001'),('CU9225-100_R001','CU9225-100',137.00,'R001','https://stockx.com/nike-air-force-1-low-supreme-box-logo-white'),('CU9225-100_R002','CU9225-100',85.00,'R002','https://www.flightclub.com/supreme-x-air-force-1-low-box-logo-white-cu9225-100'),('CU9225-100_R003','CU9225-100',126.00,'R003','http://www.goat.com/sneakers/supreme-x-air-force-1-low-box-logo-white-cu9225-100'),('CW1590-100_R001','CW1590-100',28.00,'R001','https://stockx.com/nike-dunk-low-retro-white-black-gs'),('CW1590-100_R002','CW1590-100',25.00,'R002','https://www.flightclub.com/dunk-low-gs-black-white-cw1590-100'),('CW1590-100_R003','CW1590-100',35.00,'R003','http://www.goat.com/sneakers/dunk-low-gs-black-white-cw1590-100'),('CW2190-400_R001','CW2190-400',320.00,'R001','https://stockx.com/nike-kobe-6-protro-dodgers-pe'),('CW2190-400_R002','CW2190-400',318.00,'R002','https://www.flightclub.com/zoom-kobe-6-protro-dodgers-cw2190-400'),('CW2190-400_R003','CW2190-400',318.00,'R003','http://www.goat.com/sneakers/zoom-kobe-6-protro-dodgers-cw2190-400'),('CZ0175‌-‌008/CZ0176-','CZ0175‌-‌0',176.00,'R001','https://stockx.com/nike-air-zoom-gt-cut-think-pink'),('CZ0790-102_R001','CZ0790-102',144.00,'R001','https://stockx.com/air-jordan-1-retro-low-og-mocha'),('CZ0790-102_R002','CZ0790-102',102.00,'R002','https://www.flightclub.com/air-jordan-1-retro-low-og-mocha-cz0790-102'),('CZ0790-102_R003','CZ0790-102',102.00,'R003','http://www.goat.com/sneakers/air-jordan-1-retro-low-og-mocha-cz0790-102'),('CZ0790-107_R001','CZ0790-107',106.00,'R001','https://stockx.com/air-jordan-1-low-og-rookie-of-the-year'),('CZ0790-107_R002','CZ0790-107',108.00,'R002','https://www.flightclub.com/air-jordan-1-retro-low-og-rookie-of-the-year-cz0790-107'),('CZ0790-107_R003','CZ0790-107',108.00,'R003','http://www.goat.com/sneakers/air-jordan-1-retro-low-og-rookie-of-the-year-cz0790-107'),('CZ0790-110_R001','CZ0790-110',69.00,'R001','https://stockx.com/air-jordan-1-retro-low-og-barons'),('CZ0790-110_R002','CZ0790-110',73.00,'R002','https://www.flightclub.com/air-jordan-1-retro-low-og-barons-cz0790-110'),('CZ0790-110_R003','CZ0790-110',150.00,'R003','http://www.goat.com/sneakers/air-jordan-1-retro-low-og-barons-cz0790-110'),('CZ0790-400_R001','CZ0790-400',106.00,'R001','https://stockx.com/air-jordan-1-low-og-obsidian-unc'),('CZ0790-400_R002','CZ0790-400',109.00,'R002','https://www.flightclub.com/air-jordan-1-retro-low-og-obsidian-unc-cz0790-400'),('CZ0790-400_R003','CZ0790-400',93.00,'R003','http://www.goat.com/sneakers/air-jordan-1-retro-low-og-obsidian-unc-cz0790-400'),('CZ7871-001_R001','CZ7871-001',169.00,'R001','https://stockx.com/nike-air-max-2-cb-94-black-white-purple-2020'),('CZ7871-001_R002','CZ7871-001',173.00,'R002','https://www.flightclub.com/air-max-2-cb-94-retro-black-purple-2025-cz7871-001-25'),('CZ7871-001_R003','CZ7871-001',173.00,'R003','http://www.goat.com/sneakers/air-max-2-cb-94-retro-black-purple-2025-cz7871-001-25'),('CZ8065-100_R001','CZ8065-100',90.00,'R001','https://stockx.com/nike-air-force-1-low-drake-certified-lover-boy'),('CZ8065-100_R002','CZ8065-100',80.00,'R002','https://www.flightclub.com/nocta-x-air-force-1-low-certified-lover-boy-cz8065-100'),('CZ8065-100_R003','CZ8065-100',111.00,'R003','http://www.goat.com/sneakers/nocta-x-air-force-1-low-certified-lover-boy-cz8065-100'),('DA6672-200_R001','DA6672-200',79.00,'R001','https://stockx.com/nikecraft-general-purpose-shoe-tom-sachs'),('DA6672-200_R002','DA6672-200',61.00,'R002','https://www.flightclub.com/tom-sachs-x-nikecraft-general-purpose-shoe-da6672-200'),('DA6672-200_R003','DA6672-200',61.00,'R003','http://www.goat.com/sneakers/tom-sachs-x-nikecraft-general-purpose-shoe-da6672-200'),('DD1391-100_R001','DD1391-100',45.00,'R001','https://stockx.com/nike-dunk-low-retro-white-black-2021'),('DD1391-100_R002','DD1391-100',30.00,'R002','https://www.flightclub.com/dunk-low-black-white-dd1391-100'),('DD1391-100_R003','DD1391-100',43.00,'R003','http://www.goat.com/sneakers/dunk-low-black-white-dd1391-100'),('DD1391-103_R001','DD1391-103',73.00,'R001','https://stockx.com/nike-dunk-low-grey-fog'),('DD1391-103_R002','DD1391-103',50.00,'R002','https://www.flightclub.com/dunk-low-grey-fog-dd1391-103'),('DD1391-103_R003','DD1391-103',61.00,'R003','http://www.goat.com/sneakers/dunk-low-grey-fog-dd1391-103'),('DD1503-101_R001','DD1503-101',40.00,'R001','https://stockx.com/nike-dunk-low-white-black-2021-w'),('DD1503-101_R002','DD1503-101',25.00,'R002','https://www.flightclub.com/wmns-dunk-low-black-white-dd1503-101'),('DD1503-101_R003','DD1503-101',45.00,'R003','http://www.goat.com/sneakers/wmns-dunk-low-black-white-dd1503-101'),('DH6927-017_R001','DH6927-017',260.00,'R001','https://stockx.com/air-jordan-4-retro-thunder-2023'),('DH6927-017_R002','DH6927-017',225.00,'R002','https://www.flightclub.com/air-jordan-4-retro-thunder-2023-dh6927-017'),('DH6927-017_R003','DH6927-017',225.00,'R003','http://www.goat.com/sneakers/air-jordan-4-retro-thunder-2023-dh6927-017'),('DH6927-161_R001','DH6927-161',207.00,'R001','https://stockx.com/air-jordan-4-retro-red-cement'),('DH6927-161_R002','DH6927-161',121.00,'R002','https://www.flightclub.com/air-jordan-4-retro-red-cement-dh6927-161'),('DH6927-161_R003','DH6927-161',154.00,'R003','http://www.goat.com/sneakers/air-jordan-4-retro-red-cement-dh6927-161'),('DM7866-200_R001','DM7866-200',440.00,'R001','https://stockx.com/air-jordan-1-retro-low-og-sp-travis-scott-medium-olive'),('DM7866-200_R002','DM7866-200',475.00,'R002','https://www.flightclub.com/travis-scott-x-air-jordan-1-low-og-sp-olive-dm7866-200'),('DM7866-200_R003','DM7866-200',463.00,'R003','http://www.goat.com/sneakers/travis-scott-x-air-jordan-1-low-og-sp-olive-dm7866-200'),('DM7866-202_R001','DM7866-202',250.00,'R001','https://stockx.com/air-jordan-1-retro-low-og-sp-travis-scott-velvet-brown'),('DM7866-202_R002','DM7866-202',303.00,'R002','https://www.flightclub.com/travis-scott-x-air-jordan-1-low-og-sp-velvet-brown-dm7866-202'),('DM7866-202_R003','DM7866-202',238.00,'R003','http://www.goat.com/sneakers/travis-scott-x-air-jordan-1-low-og-sp-velvet-brown-dm7866-202'),('DN3707-010_R001','DN3707-010',169.00,'R001','https://stockx.com/air-jordan-3-retro-black-cement-2024'),('DN3707-010_R002','DN3707-010',164.00,'R002','https://www.flightclub.com/air-jordan-3-retro-black-cement-reimagined-dn3707-010'),('DN3707-010_R003','DN3707-010',133.00,'R003','http://www.goat.com/sneakers/air-jordan-3-retro-black-cement-reimagined-dn3707-010'),('DN3707-100_R001','DN3707-100',130.00,'R001','https://stockx.com/air-jordan-3-retro-white-cement-reimagined'),('DN3707-100_R002','DN3707-100',90.00,'R002','https://www.flightclub.com/air-jordan-3-retro-white-cement-reimagined-dn3707-100'),('DN3707-100_R003','DN3707-100',90.00,'R003','http://www.goat.com/sneakers/air-jordan-3-retro-white-cement-reimagined-dn3707-100'),('DR5415-100_R001','DR5415-100',272.00,'R001','https://stockx.com/air-jordan-4-retro-sb-navy'),('DR5415-100_R002','DR5415-100',207.00,'R002','https://www.flightclub.com/nike-sb-x-air-jordan-4-retro-sp-navy-dr5415-100'),('DR5415-100_R003','DR5415-100',117.00,'R003','http://www.goat.com/sneakers/nike-sb-x-air-jordan-4-retro-sp-navy-dr5415-100'),('DV0833-113_R001','DV0833-113',67.00,'R001','https://stockx.com/nike-dunk-low-retro-university-blue'),('DV0833-113_R002','DV0833-113',65.00,'R002','https://www.flightclub.com/dunk-low-university-blue-coconut-milk-dv0833-113'),('DV0833-113_R003','DV0833-113',64.00,'R003','http://www.goat.com/sneakers/dunk-low-university-blue-coconut-milk-dv0833-113'),('DV1309-100_R001','DV1309-100',103.00,'R001','https://stockx.com/air-jordan-1-low-se-concord'),('DV1309-100_R002','DV1309-100',87.00,'R002','https://www.flightclub.com/air-jordan-1-low-concord-dv1309-100'),('DV1309-100_R003','DV1309-100',95.00,'R003','http://www.goat.com/sneakers/air-jordan-1-low-concord-dv1309-100'),('DV1748-601_R001','DV1748-601',142.00,'R001','https://stockx.com/air-jordan-1-high-og-spider-man-across-the-spider-verse'),('DV1748-601_R002','DV1748-601',126.00,'R002','https://www.flightclub.com/marvel-x-air-jordan-1-retro-high-og-spider-man-across-the-spider-verse-dv'),('DV1748-601_R003','DV1748-601',90.00,'R003','http://www.goat.com/sneakers/marvel-x-air-jordan-1-retro-high-og-spider-man-across-the-spider-verse-'),('DX9786-699_R001','DX9786-699',82.00,'R001','https://stockx.com/nike-hoops-elite-backpack-32l-elemental-pink-black-black'),('DX9786-699_R003','DX9786-699',67.00,'R003','http://www.goat.com/sneakers/nike-hoops-elite-backpack-elemental-pink-black-dx9786-699'),('DZ4137-700_R001','DZ4137-700',270.00,'R001','https://stockx.com/air-jordan-1-retro-low-og-sp-travis-scott-canary-womens'),('DZ4137-700_R002','DZ4137-700',275.00,'R002','https://www.flightclub.com/travis-scott-x-wmns-air-jordan-1-retro-low-og-sp-canary-dz4137-700'),('DZ4137-700_R003','DZ4137-700',255.00,'R003','http://www.goat.com/sneakers/travis-scott-x-wmns-air-jordan-1-retro-low-og-sp-canary-dz4137-700'),('DZ5485-010_R001','DZ5485-010',85.00,'R001','https://stockx.com/air-jordan-1-high-og-black-white'),('DZ5485-010_R002','DZ5485-010',75.00,'R002','https://www.flightclub.com/air-jordan-1-retro-high-og-black-white-2-0-dz5485-010'),('DZ5485-010_R003','DZ5485-010',82.00,'R003','http://www.goat.com/sneakers/air-jordan-1-retro-high-og-black-white-2-0-dz5485-010'),('DZ5485-100_R001','DZ5485-100',107.00,'R001','https://stockx.com/air-jordan-1-retro-high-og-rare-air'),('DZ5485-100_R002','DZ5485-100',87.00,'R002','https://www.flightclub.com/air-jordan-1-retro-high-og-white-deep-royal-blue-dz5485-100'),('DZ5485-100_R003','DZ5485-100',88.00,'R003','http://www.goat.com/sneakers/air-jordan-1-retro-high-og-white-deep-royal-blue-dz5485-100'),('DZ5485-106_R001','DZ5485-106',75.00,'R001','https://stockx.com/air-jordan-1-retro-high-og-black-toe-reimagined'),('DZ5485-106_R002','DZ5485-106',92.00,'R002','https://www.flightclub.com/air-jordan-1-retro-high-og-black-toe-reimagined-dz5485-061'),('DZ5485-106_R003','DZ5485-106',83.00,'R003','http://www.goat.com/sneakers/air-jordan-1-retro-high-og-black-toe-reimagined-dz5485-061'),('DZ5485-400_R001','DZ5485-400',145.00,'R001','https://stockx.com/air-jordan-1-high-og-unc-toe'),('DZ5485-400_R002','DZ5485-400',125.00,'R002','https://www.flightclub.com/air-jordan-1-retro-high-og-unc-toe-dz5485-400'),('DZ5485-400_R003','DZ5485-400',125.00,'R003','http://www.goat.com/sneakers/air-jordan-1-retro-high-og-unc-toe-dz5485-400'),('DZ5485-402_R001','DZ5485-402',142.00,'R001','https://stockx.com/air-jordan-1-retro-high-og-unc-reimagined'),('DZ5485-402_R002','DZ5485-402',128.00,'R002','https://www.flightclub.com/air-jordan-1-retro-high-og-unc-reimagined-dz5485-402'),('DZ5485-402_R003','DZ5485-402',128.00,'R003','http://www.goat.com/sneakers/air-jordan-1-retro-high-og-unc-reimagined-dz5485-402'),('DZ5485-612_R001','DZ5485-612',260.00,'R001','https://stockx.com/air-jordan-1-retro-high-og-chicago-reimagined-lost-and-found'),('DZ5485-612_R002','DZ5485-612',182.00,'R002','https://www.flightclub.com/air-jordan-1-retro-high-og-dz5485-612'),('DZ5485-612_R003','DZ5485-612',190.00,'R003','http://www.goat.com/sneakers/air-jordan-1-retro-high-og-dz5485-612'),('EF2905_R001','EF2905',93.00,'R001','https://stockx.com/adidas-yeezy-boost-350-v2-static'),('EF2905_R002','EF2905',88.00,'R002','https://www.flightclub.com/yeezy-boost-350-v2-static-static-static-805220'),('EF2905_R003','EF2905',110.00,'R003','http://www.goat.com/sneakers/yeezy-boost-350-v2-static-ef2905'),('FB2709-003_R001','FB2709-003',200.00,'R001','https://stockx.com/nike-air-max-95-corteiz-honey-black'),('FB2709-003_R002','FB2709-003',206.00,'R002','https://www.flightclub.com/corteiz-x-air-max-95-sp-black-tour-yellow-fb2709-003'),('FB2709-003_R003','FB2709-003',206.00,'R003','http://www.goat.com/sneakers/corteiz-x-air-max-95-sp-black-tour-yellow-fb2709-003'),('FD0884-025_R001','FD0884-025',100.00,'R001','https://stockx.com/nike-zoom-vomero-5-photon-dust-metallic-silver-w'),('FD0884-025_R002','FD0884-025',102.00,'R002','https://www.flightclub.com/wmns-air-zoom-vomero-5-photon-dust-metallic-silver-fd0884-025'),('FD0884-025_R003','FD0884-025',99.00,'R003','http://www.goat.com/sneakers/wmns-air-zoom-vomero-5-photon-dust-metallic-silver-fd0884-025'),('FN0266-800_R001','FN0266-800',123.00,'R001','https://stockx.com/nike-kobe-8-protro-what-the-2025-gs'),('FN0266-800_R002','FN0266-800',106.00,'R002','https://www.flightclub.com/kobe-8-protro-gs-what-the-kobe-2025-fn0266-800'),('FN0266-800_R003','FN0266-800',109.00,'R003','http://www.goat.com/sneakers/kobe-8-protro-gs-what-the-kobe-2025-fn0266-800'),('FQ3545-300_R001','FQ3545-300',119.00,'R001','https://stockx.com/nike-zoom-kobe-4-protro-girl-dad'),('FQ3545-300_R002','FQ3545-300',108.00,'R002','https://www.flightclub.com/zoom-kobe-4-protro-bicoastal-fq3545-300'),('FQ3545-300_R003','FQ3545-300',108.00,'R003','http://www.goat.com/sneakers/zoom-kobe-4-protro-bicoastal-fq3545-300'),('FQ3546-100_R001','FQ3546-100',268.00,'R001','https://stockx.com/nike-kobe-6-protro-sail'),('FQ3546-100_R002','FQ3546-100',241.00,'R002','https://www.flightclub.com/zoom-kobe-6-protro-sail-fq3546-100'),('FQ3546-100_R003','FQ3546-100',241.00,'R003','http://www.goat.com/sneakers/zoom-kobe-6-protro-sail-fq3546-100'),('FQ4303-400_R001','FQ4303-400',179.00,'R001','https://stockx.com/nike-air-foamposite-one-galaxy-2025'),('FQ4303-400_R002','FQ4303-400',194.00,'R002','https://www.flightclub.com/air-foamposite-one-galaxy-2024-fq4303-400'),('FQ4303-400_R003','FQ4303-400',100.00,'R003','http://www.goat.com/sneakers/air-foamposite-one-galaxy-2024-fq4303-400'),('FQ7928-001_R001','FQ7928-001',169.00,'R001','https://stockx.com/air-jordan-4-retro-se-paris'),('FQ7928-001_R002','FQ7928-001',175.00,'R002','https://www.flightclub.com/air-jordan-4-retro-se-smoke-grey-fq7928-001'),('FQ7928-001_R003','FQ7928-001',175.00,'R003','http://www.goat.com/sneakers/air-jordan-4-retro-se-smoke-grey-fq7928-001'),('FQ8138-001_R001','FQ8138-001',300.00,'R001','https://stockx.com/air-jordan-4-retro-white-thunder'),('FQ8138-001_R002','FQ8138-001',263.00,'R002','https://www.flightclub.com/air-jordan-4-retro-white-thunder-fq8138-001'),('FQ8138-001_R003','FQ8138-001',191.00,'R003','http://www.goat.com/sneakers/air-jordan-4-retro-white-thunder-fq8138-001'),('FQ8138-002_R001','FQ8138-002',182.00,'R001','https://stockx.com/air-jordan-4-retro-fear-2024'),('FQ8138-002_R002','FQ8138-002',184.00,'R002','https://www.flightclub.com/air-jordan-4-retro-fear-2024-fq8138-002'),('FQ8138-002_R003','FQ8138-002',120.00,'R003','http://www.goat.com/sneakers/air-jordan-4-retro-fear-2024-fq8138-002'),('FQ8213-001_R001','FQ8213-001',181.00,'R001','https://stockx.com/air-jordan-4-retro-white-thunder-gs'),('FQ8213-001_R002','FQ8213-001',174.00,'R002','https://www.flightclub.com/air-jordan-4-retro-gs-white-thunder-fq8213-001'),('FQ8213-001_R003','FQ8213-001',174.00,'R003','http://www.goat.com/sneakers/air-jordan-4-retro-gs-white-thunder-fq8213-001'),('FQ8213-006_R001','FQ8213-006',121.00,'R001','https://stockx.com/air-jordan-4-retro-bred-reimagined-gs'),('FQ8213-006_R002','FQ8213-006',78.00,'R002','https://www.flightclub.com/air-jordan-4-retro-gs-bred-reimagined-fq8213-006'),('FQ8213-006_R003','FQ8213-006',78.00,'R003','http://www.goat.com/sneakers/air-jordan-4-retro-gs-bred-reimagined-fq8213-006'),('FV4710-100_R001','FV4710-100',111.00,'R001','https://stockx.com/nike-air-max-95-hyper-turquoise'),('FV4710-100_R002','FV4710-100',115.00,'R002','https://www.flightclub.com/air-max-95-hyper-turquoise-fv4710-100'),('FV4710-100_R003','FV4710-100',115.00,'R003','http://www.goat.com/sneakers/air-max-95-hyper-turquoise-fv4710-100'),('FV4921-600_R001','FV4921-600',255.00,'R001','https://stockx.com/nike-kobe-6-protro-reverse-grinch'),('FV4921-600_R002','FV4921-600',255.00,'R002','https://www.flightclub.com/zoom-kobe-6-protro-reverse-grinch-fv4921-600'),('FV4921-600_R003','FV4921-600',255.00,'R003','http://www.goat.com/sneakers/zoom-kobe-6-protro-reverse-grinch-fv4921-600'),('FV5029-006_R001','FV5029-006',230.00,'R001','https://stockx.com/air-jordan-4-retro-bred-reimagined'),('FV5029-006_R002','FV5029-006',199.00,'R002','https://www.flightclub.com/air-jordan-4-retro-bred-reimagined-fv5029-006'),('FV5029-006_R003','FV5029-006',160.00,'R003','http://www.goat.com/sneakers/air-jordan-4-retro-bred-reimagined-fv5029-006'),('FV5029-100_R001','FV5029-100',283.00,'R001','https://stockx.com/air-jordan-4-retro-white-cement-2025'),('FV5029-100_R002','FV5029-100',303.00,'R002','https://www.flightclub.com/air-jordan-4-retro-og-white-cement-2025-fv5029-100'),('FV5029-100_R003','FV5029-100',190.00,'R003','http://www.goat.com/sneakers/air-jordan-4-retro-og-white-cement-2025-fv5029-100'),('FV5029-141_R001','FV5029-141',198.00,'R001','https://stockx.com/air-jordan-4-retro-military-blue-2024'),('FV5029-141_R002','FV5029-141',92.00,'R002','https://www.flightclub.com/air-jordan-4-retro-military-blue-2024-fv5029-141'),('FV5029-141_R003','FV5029-141',147.00,'R003','http://www.goat.com/sneakers/air-jordan-4-retro-military-blue-2024-fv5029-141'),('FV5104-006_R001','FV5104-006',176.00,'R001','https://stockx.com/air-jordan-11-retro-low-bred-2025'),('FV5104-006_R002','FV5104-006',188.00,'R002','https://www.flightclub.com/air-jordan-11-retro-low-bred-2025-fv5104-006'),('FV5104-006_R003','FV5104-006',120.00,'R003','http://www.goat.com/sneakers/air-jordan-11-retro-low-bred-2025-fv5104-006'),('FV5121-006_R001','FV5121-006',107.00,'R001','https://stockx.com/air-jordan-11-retro-low-bred-2025-gs'),('FV5121-006_R002','FV5121-006',90.00,'R002','https://www.flightclub.com/air-jordan-11-retro-low-gs-bred-2025-fv5121-006'),('FV5121-006_R003','FV5121-006',84.00,'R003','http://www.goat.com/sneakers/air-jordan-11-retro-low-gs-bred-2025-fv5121-006'),('FV5677_R001','FV5677',79.00,'R001','https://stockx.com/adidas-yeezy-desert-boot-salt'),('FV5677_R002','FV5677',84.00,'R002','https://www.flightclub.com/yeezy-desert-boot-salt-salt-salt-155276'),('FV5677_R003','FV5677',84.00,'R003','http://www.goat.com/sneakers/yeezy-desert-boot-salt-fv5677'),('FZ1291-600_R001','FZ1291-600',141.00,'R001','https://stockx.com/nike-sb-dunk-low-the-wizard-of-oz-poppy-field'),('FZ1291-600_R002','FZ1291-600',110.00,'R002','https://www.flightclub.com/the-wizard-of-oz-x-dunk-low-sb-ruby-slipper-fz1291-600'),('FZ1291-600_R003','FZ1291-600',116.00,'R003','http://www.goat.com/sneakers/the-wizard-of-oz-x-dunk-low-sb-ruby-slipper-fz1291-600'),('FZ1518-600/FZ1519-60','FZ1518-600',117.00,'R001','https://stockx.com/nike-kd-17-aunt-pearl'),('FZ4810-200_R001','FZ4810-200',175.00,'R001','https://stockx.com/air-jordan-4-retro-og-sp-a-ma-maniere-while-you-were-sleeping-womens'),('FZ4810-200_R002','FZ4810-200',154.00,'R002','https://www.flightclub.com/a-ma-maniere-x-wmns-air-jordan-4-retro-fossil-stone-fz4810-200'),('FZ4810-200_R003','FZ4810-200',154.00,'R003','http://www.goat.com/sneakers/a-ma-maniere-x-wmns-air-jordan-4-retro-fossil-stone-fz4810-200'),('FZ4811-001_R001','FZ4811-001',129.00,'R001','https://stockx.com/air-jordan-3-retro-og-sp-a-ma-maniere-black-violet-ore-womens'),('FZ4811-001_R002','FZ4811-001',105.00,'R002','https://www.flightclub.com/a-ma-maniere-x-wmns-air-jordan-3-retro-black-violet-ore-fz4811-001'),('FZ4811-001_R003','FZ4811-001',99.00,'R003','http://www.goat.com/sneakers/a-ma-maniere-x-wmns-air-jordan-3-retro-black-violet-ore-fz4811-001'),('FZ5896_R001','FZ5896',82.00,'R001','https://stockx.com/adidas-yeezy-slide-flax'),('FZ5896_R002','FZ5896',65.00,'R002','https://www.flightclub.com/yeezy-slides-flax-yzy-sld-flax'),('FZ5896_R003','FZ5896',65.00,'R003','http://www.goat.com/sneakers/yeezy-slides-flax-yzy-sld-flax'),('FZ5897_R001','FZ5897',150.00,'R001','https://stockx.com/adidas-yeezy-slide-bone-2022'),('FZ5897_R002','FZ5897',148.00,'R002','https://www.flightclub.com/yeezy-slides-bone-2022-re-release-fz5897'),('FZ5897_R003','FZ5897',143.00,'R003','http://www.goat.com/sneakers/yeezy-slides-bone-2022-re-release-fz5897'),('FZ7333-002_R001','FZ7333-002',215.00,'R001','https://stockx.com/nike-kobe-9-em-low-protro-mambacita'),('FZ7333-002_R002','FZ7333-002',220.00,'R002','https://www.flightclub.com/kobe-9-em-protro-black-metallic-gold-fz7333-002'),('FZ7333-002_R003','FZ7333-002',218.00,'R003','http://www.goat.com/sneakers/kobe-9-em-protro-black-metallic-gold-fz7333-002'),('FZ8117-102_R001','FZ8117-102',215.00,'R001','https://stockx.com/air-jordan-jumpman-jack-tr-travis-scott-bright-cactus'),('FZ8117-102_R002','FZ8117-102',215.00,'R002','https://www.flightclub.com/jordan-jumpman-jack-tr-muslin-bright-cactus-fz8117-102'),('FZ8117-102_R003','FZ8117-102',213.00,'R003','http://www.goat.com/sneakers/jordan-jumpman-jack-tr-muslin-bright-cactus-fz8117-102'),('FZ8117-204_R001','FZ8117-204',192.00,'R001','https://stockx.com/air-jordan-cut-the-check-tr-travis-scott-mocha'),('FZ8117-204_R002','FZ8117-204',223.00,'R002','https://www.flightclub.com/jordan-jumpman-jack-tr-taupe-haze-fz8117-204'),('FZ8117-204_R003','FZ8117-204',181.00,'R003','http://www.goat.com/sneakers/jordan-jumpman-jack-tr-taupe-haze-fz8117-204'),('FZ8224-100_R001','FZ8224-100',127.00,'R001','https://stockx.com/nike-air-diamond-turf-49ers-2025'),('FZ8224-100_R002','FZ8224-100',123.00,'R002','https://www.flightclub.com/air-diamond-turf-49ers-2025-fz8224-100'),('FZ8224-100_R003','FZ8224-100',144.00,'R003','http://www.goat.com/sneakers/air-diamond-turf-49ers-2025-fz8224-100'),('FZ8605-401_R001','FZ8605-401',120.00,'R001','https://stockx.com/nike-aone-blue-fury-womens'),('FZ8605-401_R002','FZ8605-401',132.00,'R002','https://www.flightclub.com/wmns-a-one-blue-fury-fz8605-401'),('FZ8605-401_R003','FZ8605-401',132.00,'R003','http://www.goat.com/sneakers/wmns-a-one-blue-fury-fz8605-401'),('FZ8605-601/FZ8606-60','FZ8605-601',119.00,'R001','https://stockx.com/nike-aone-pink-aura-womens'),('GW1229_R001','GW1229',132.00,'R001','https://stockx.com/adidas-yeezy-boost-350-v2-beluga-reflective'),('GW1229_R002','GW1229',116.00,'R002','https://www.flightclub.com/yeezy-boost-350-v2-beluga-reflective-gw1229'),('GW1229_R003','GW1229',117.00,'R003','http://www.goat.com/sneakers/yeezy-boost-350-v2-beluga-reflective-gw1229'),('GY3438_R001','GY3438',171.00,'R001','https://stockx.com/adidas-yeezy-boost-350-v2-light'),('GY3438_R002','GY3438',140.00,'R002','https://www.flightclub.com/yeezy-boost-350-v2-light-yzy-350-v2-light'),('GY3438_R003','GY3438',148.00,'R003','http://www.goat.com/sneakers/yeezy-boost-350-v2-light-yzy-350-v2-light'),('GY7164_R001','GY7164',108.00,'R001','https://stockx.com/adidas-yeezy-boost-350-v2-dazzling-blue'),('GY7164_R002','GY7164',131.00,'R002','https://www.flightclub.com/yeezy-boost-350-v2-dazzling-blue-gy7164'),('GY7164_R003','GY7164',86.00,'R003','http://www.goat.com/sneakers/yeezy-boost-350-v2-dazzling-blue-gy7164'),('H03665_R001','H03665',106.00,'R001','https://stockx.com/adidas-yeezy-450-utility-black'),('H03665_R002','H03665',89.00,'R002','https://www.flightclub.com/yeezy-450-utility-black-hq3665'),('H03665_R003','H03665',91.00,'R003','http://www.goat.com/sneakers/yeezy-450-utility-black-hq3665'),('HF1567-200_R001','HF1567-200',71.00,'R001','https://stockx.com/air-jordan-1-low-se-legend-light-brown'),('HF1567-200_R002','HF1567-200',70.00,'R002','https://www.flightclub.com/air-jordan-1-low-se-sail-archaeo-brown-hf1567-200'),('HF1567-200_R003','HF1567-200',67.00,'R003','http://www.goat.com/sneakers/air-jordan-1-low-se-sail-archaeo-brown-hf1567-200'),('HF3058-300_R001','HF3058-300',158.00,'R001','https://stockx.com/nike-sb-dunk-low-rodeo-tourmaline'),('HF3058-300_R002','HF3058-300',172.00,'R002','https://www.flightclub.com/dunk-low-sb-black-history-month-hf3058-300'),('HF3058-300_R003','HF3058-300',167.00,'R003','http://www.goat.com/sneakers/dunk-low-sb-black-history-month-hf3058-300'),('HF3975-001_R001','HF3975-001',254.00,'R001','https://stockx.com/air-jordan-5-retro-og-black-metallic-reimagined'),('HF3975-001_R002','HF3975-001',248.00,'R002','https://www.flightclub.com/air-jordan-5-og-metallic-2025-hf3975-001'),('HF3975-001_R003','HF3975-001',234.00,'R003','http://www.goat.com/sneakers/air-jordan-5-og-metallic-2025-hf3975-001'),('HF3976-001_R001','HF3976-001',164.00,'R001','https://stockx.com/air-jordan-5-retro-og-black-metallic-reimagined-gs'),('HF3976-001_R002','HF3976-001',150.00,'R002','https://www.flightclub.com/air-jordan-5-retro-og-gs-metallic-2025-hf3976-001'),('HF3976-001_R003','HF3976-001',300.00,'R003','http://www.goat.com/sneakers/air-jordan-5-retro-og-gs-metallic-2025-hf3976-001'),('HF4340-800_R001','HF4340-800',405.00,'R001','https://stockx.com/air-air-jordan-4-retro-og-sp-nigel-sylvester-bike-air-firewood-orange'),('HF4340-800_R002','HF4340-800',350.00,'R002','https://www.flightclub.com/air-jordan-4-retro-og-sp-firewood-orange-hf4340-800'),('HF4340-800_R003','HF4340-800',229.00,'R003','http://www.goat.com/sneakers/air-jordan-4-retro-og-sp-firewood-orange-hf4340-800'),('HF7001-600_R001','HF7001-600',87.00,'R001','https://stockx.com/nike-aone-pink-aura-gs'),('HF7001-600_R002','HF7001-600',90.00,'R002','https://www.flightclub.com/a-one-gs-pink-a-ura-hf7001-600'),('HF7001-600_R003','HF7001-600',90.00,'R003','http://www.goat.com/sneakers/a-one-gs-pink-a-ura-hf7001-600'),('HF8022-300_R001','HF8022-300',170.00,'R001','https://stockx.com/nike-sb-dunk-low-yuto-horigome-matcha'),('HF8022-300_R002','HF8022-300',170.00,'R002','https://www.flightclub.com/yuto-horigome-x-dunk-low-sb-asparagus-hf8022-300'),('HF8022-300_R003','HF8022-300',173.00,'R003','http://www.goat.com/sneakers/yuto-horigome-x-dunk-low-sb-asparagus-hf8022-300'),('HJ0865-493_R001','HJ0865-493',129.00,'R001','https://stockx.com/nike-2024-25-psg-fourth-jersey-multicolor'),('HJ4132-100_R001','HJ4132-100',125.00,'R001','https://stockx.com/nike-sb-dunk-low-csef'),('HJ4132-100_R002','HJ4132-100',131.00,'R002','https://www.flightclub.com/csef-x-dunk-low-sb-white-clear-emerald-hj4132-100'),('HJ4132-100_R003','HJ4132-100',131.00,'R003','http://www.goat.com/sneakers/csef-x-dunk-low-sb-white-clear-emerald-hj4132-100'),('HJ4209-010_R001','HJ4209-010',99.00,'R001','https://stockx.com/nike-what-the-kobe-reversible-short-black-bright-crimson'),('HJ4209-010_R003','HJ4209-010',114.00,'R003','http://www.goat.com/sneakers/nike-kobe-6-dri-fit-reversible-basketball-shorts-black-bright-crimson-h'),('HJ5996-001_R001','HJ5996-001',216.00,'R001','https://stockx.com/nike-air-max-95-og-big-bubble-pink-foam-womens'),('HJ5996-001_R002','HJ5996-001',206.00,'R002','https://www.flightclub.com/wmns-air-max-95-pink-foam-hj5996-001'),('HJ5996-001_R003','HJ5996-001',203.00,'R003','http://www.goat.com/sneakers/wmns-air-max-95-pink-foam-hj5996-001'),('HJ6014-400_R001','HJ6014-400',178.00,'R001','https://stockx.com/nike-air-foamposite-one-psychic-blue'),('HJ6014-400_R002','HJ6014-400',260.00,'R002','https://www.flightclub.com/air-foamposite-one-psychic-blue-hj6014-400'),('HJ6014-400_R003','HJ6014-400',155.00,'R003','http://www.goat.com/sneakers/air-foamposite-one-psychic-blue-hj6014-400'),('HJ9346-100_R001','HJ9346-100',145.00,'R001','https://stockx.com/nike-air-force-1-low-swoosh-dirty-triple-white'),('HJ9346-100_R002','HJ9346-100',140.00,'R002','https://www.flightclub.com/air-force-1-low-dirty-pack-triple-white-hj9346-100'),('HJ9346-100_R003','HJ9346-100',140.00,'R003','http://www.goat.com/sneakers/air-force-1-low-dirty-pack-triple-white-hj9346-100'),('HM4740-001_R001','HM4740-001',224.00,'R001','https://stockx.com/nike-air-max-95-og-big-bubble-neon-2025'),('HM4740-001_R002','HM4740-001',255.00,'R002','https://www.flightclub.com/air-max-95-og-neon-2025-hm4740-004'),('HM4740-001_R003','HM4740-001',252.00,'R003','http://www.goat.com/sneakers/air-max-95-og-neon-2025-hm4740-004'),('HM9621-900_R001','HM9621-900',199.00,'R001','https://stockx.com/nike-kobe-8-protro-what-the-2025'),('HM9621-900_R002','HM9621-900',193.00,'R002','https://www.flightclub.com/kobe-8-protro-what-the-kobe-2025-hm9621-900'),('HM9621-900_R003','HM9621-900',196.00,'R003','http://www.goat.com/sneakers/kobe-8-protro-what-the-kobe-2025-hm9621-900'),('HM9936-001_R001','HM9936-001',84.00,'R001','https://stockx.com/nike-air-max-1-87-photon-dust-wolf-grey'),('HM9936-001_R002','HM9936-001',85.00,'R002','https://www.flightclub.com/air-max-1-photon-dust-wolf-grey-hm9936-001'),('HM9936-001_R003','HM9936-001',87.00,'R003','http://www.goat.com/sneakers/air-max-1-photon-dust-wolf-grey-hm9936-001'),('HP7870_R001','HP7870',133.00,'R001','https://stockx.com/adidas-yeezy-boost-350-v2-slate-core-black-slate'),('HP7870_R002','HP7870',122.00,'R002','https://www.flightclub.com/yeezy-boost-350-v2-beige-black-hp7870'),('HP7870_R003','HP7870',119.00,'R003','http://www.goat.com/sneakers/yeezy-boost-350-v2-beige-black-hp7870'),('HP8739_R001','HP8739',90.00,'R001','https://stockx.com/adidas-yeezy-foam-rnnr-onyx'),('HP8739_R002','HP8739',96.00,'R002','https://www.flightclub.com/yeezy-foam-runner-onyx-hp8739'),('HP8739_R003','HP8739',60.00,'R003','http://www.goat.com/sneakers/yeezy-foam-runner-onyx-hp8739'),('HQ2059_R001','HQ2059',118.00,'R001','https://stockx.com/adidas-yeezy-boost-350-v2-granite'),('HQ2059_R002','HQ2059',104.00,'R002','https://www.flightclub.com/yeezy-boost-350-v2-granite-hq2059'),('HQ2059_R003','HQ2059',87.00,'R003','http://www.goat.com/sneakers/yeezy-boost-350-v2-granite-hq2059'),('HQ2592-102_R001','HQ2592-102',241.00,'R001','https://stockx.com/nike-air-zoom-pegasus-premium-white-metallic-silver'),('HQ2592-102_R002','HQ2592-102',247.00,'R002','https://www.flightclub.com/pegasus-premium-white-metallic-silver-hq2592-102'),('HQ2592-102_R003','HQ2592-102',240.00,'R003','http://www.goat.com/sneakers/pegasus-premium-white-metallic-silver-hq2592-102'),('HQ3072-400_R001','HQ3072-400',185.00,'R001','https://stockx.com/nike-zoom-field-jaxx-travis-scott-leche-blue'),('HQ3072-400_R002','HQ3072-400',218.00,'R002','https://www.flightclub.com/zoom-field-jaxx-leche-blue-hq3072-400'),('HQ3072-400_R003','HQ3072-400',173.00,'R003','http://www.goat.com/sneakers/zoom-field-jaxx-leche-blue-hq3072-400'),('HQ3073-100_R001','HQ3073-100',109.00,'R001','https://stockx.com/nike-zoom-field-jaxx-travis-scott-light-chocolate'),('HQ3073-100_R002','HQ3073-100',108.00,'R002','https://www.flightclub.com/travis-scott-x-zoom-field-jaxx-light-chocolate-hq3073-100'),('HQ3073-100_R003','HQ3073-100',108.00,'R003','http://www.goat.com/sneakers/travis-scott-x-zoom-field-jaxx-light-chocolate-hq3073-100'),('HQ3818-001_R001','HQ3818-001',64.00,'R001','https://stockx.com/nike-p-6000-anthracite-smoke-grey'),('HQ3818-001_R002','HQ3818-001',64.00,'R002','https://www.flightclub.com/p-6000-premium-anthracite-smoke-grey-hq3818-001'),('HQ3818-001_R003','HQ3818-001',64.00,'R003','http://www.goat.com/sneakers/p-6000-premium-anthracite-smoke-grey-hq3818-001'),('HQ4540_R001','HQ4540',127.00,'R001','https://stockx.com/adidas-yeezy-boost-350-v2-onyx'),('HQ4540_R002','HQ4540',111.00,'R002','https://www.flightclub.com/yeezy-boost-350-v2-onyx-hq4540'),('HQ4540_R003','HQ4540',111.00,'R003','http://www.goat.com/sneakers/yeezy-boost-350-v2-onyx-hq4540'),('HQ6316_R001','HQ6316',125.00,'R001','https://stockx.com/adidas-yeezy-boost-350-v2-bone'),('HQ6316_R002','HQ6316',110.00,'R002','https://www.flightclub.com/yeezy-boost-350-v2-pure-oat-hq6316'),('HQ6316_R003','HQ6316',113.00,'R003','http://www.goat.com/sneakers/yeezy-boost-350-v2-pure-oat-hq6316'),('HQ6448_R001','HQ6448',125.00,'R001','https://stockx.com/adidas-yeezy-slide-black-onyx'),('HQ6448_R002','HQ6448',139.00,'R002','https://www.flightclub.com/yeezy-slides-onyx-hq6448'),('HQ6448_R003','HQ6448',90.00,'R003','http://www.goat.com/sneakers/yeezy-slides-onyx-hq6448'),('HQ6828-100_R001','HQ6828-100',129.00,'R001','https://stockx.com/nike-sb-zoom-air-paul-rodriguez-1-og-white-black-2025'),('HQ6828-100_R002','HQ6828-100',195.00,'R002','https://www.flightclub.com/zoom-air-paul-rodriguez-1-white-black-2025-hq6828-100'),('HQ6828-100_R003','HQ6828-100',116.00,'R003','http://www.goat.com/sneakers/zoom-air-paul-rodriguez-1-white-black-2025-hq6828-100'),('HQ7045_R001','HQ7045',99.00,'R001','https://stockx.com/adidas-yeezy-350-v2-carbon-beluga'),('HQ7045_R002','HQ7045',151.00,'R002','https://www.flightclub.com/yeezy-boost-350-v2-carbon-beluga-hq7045'),('HQ7045_R003','HQ7045',88.00,'R003','http://www.goat.com/sneakers/yeezy-boost-350-v2-carbon-beluga-hq7045'),('HQ8708_R001','HQ8708',43.00,'R001','https://stockx.com/adidas-campus-00s-core-black'),('HQ8708_R002','HQ8708',42.00,'R002','https://www.flightclub.com/campus-00s-black-white-gum-hq8708'),('HQ8708_R003','HQ8708',38.00,'R003','http://www.goat.com/sneakers/campus-00s-black-white-gum-hq8708'),('HV0823-003_R001','HV0823-003',134.00,'R001','https://stockx.com/air-jordan-4-retro-seafoam-sail-womens'),('HV0823-003_R002','HV0823-003',112.00,'R002','https://www.flightclub.com/wmns-air-jordan-4-retro-seafoam-hv0823-003'),('HV0823-003_R003','HV0823-003',112.00,'R003','http://www.goat.com/sneakers/wmns-air-jordan-4-retro-seafoam-hv0823-003'),('HV0823-100_R001','HV0823-100',161.00,'R001','https://stockx.com/air-jordan-4-retro-forget-me-not'),('HV0823-100_R002','HV0823-100',133.00,'R002','https://www.flightclub.com/wmns-air-jordan-4-retro-aluminum-hv0823-100'),('HV0823-100_R003','HV0823-100',133.00,'R003','http://www.goat.com/sneakers/wmns-air-jordan-4-retro-aluminum-hv0823-100'),('HV4479-001_R001','HV4479-001',52.00,'R001','https://stockx.com/nike-reactx-rejuven8-slide-black'),('HV4479-001_R002','HV4479-001',47.00,'R002','https://www.flightclub.com/reactx-rejuven8-slide-triple-black-hv4479-001'),('HV4479-001_R003','HV4479-001',42.00,'R003','http://www.goat.com/sneakers/reactx-rejuven8-slide-triple-black-hv4479-001'),('HV4794-011_R001','HV4794-011',204.00,'R001','https://stockx.com/air-jordan-9-retro-cool-grey'),('HV4794-011_R002','HV4794-011',170.00,'R002','https://www.flightclub.com/air-jordan-9-retro-cool-grey-hv4794-011'),('HV4794-011_R003','HV4794-011',170.00,'R003','http://www.goat.com/sneakers/air-jordan-9-retro-cool-grey-hv4794-011'),('HV5060-001_R001','HV5060-001',69.00,'R001','https://stockx.com/nike-reactx-rejuven8-triple-black'),('HV5060-001_R002','HV5060-001',58.00,'R002','https://www.flightclub.com/reactx-rejuven8-triple-black-hv5060-001'),('HV5060-001_R003','HV5060-001',58.00,'R003','http://www.goat.com/sneakers/reactx-rejuven8-triple-black-hv5060-001'),('HV5060-002_R001','HV5060-002',68.00,'R001','https://stockx.com/nike-reactx-rejuven8-smoke-grey'),('HV5060-002_R002','HV5060-002',62.00,'R002','https://www.flightclub.com/reactx-rejuven8-smoke-grey-hv5060-002'),('HV5060-002_R003','HV5060-002',60.00,'R003','http://www.goat.com/sneakers/reactx-rejuven8-smoke-grey-hv5060-002'),('HV5060-003_R001','HV5060-003',68.00,'R001','https://stockx.com/nike-reactx-rejuven8-black-cool-grey-volt'),('HV5060-003_R002','HV5060-003',60.00,'R002','https://www.flightclub.com/reactx-rejuven8-black-volt-hv5060-003'),('HV5060-003_R003','HV5060-003',60.00,'R003','http://www.goat.com/sneakers/reactx-rejuven8-black-volt-hv5060-003'),('HV5060-100_R001','HV5060-100',60.00,'R001','https://stockx.com/nike-reactx-rejuven8-light-orewood-brown'),('HV5060-100_R002','HV5060-100',68.00,'R002','https://www.flightclub.com/reactx-rejuven8-light-orewood-brown-hv5060-100'),('HV5060-100_R003','HV5060-100',96.00,'R003','http://www.goat.com/sneakers/reactx-rejuven8-light-orewood-brown-hv5060-100'),('HV6642-010_R001','HV6642-010',37.00,'R001','https://stockx.com/nike-structured-og-flame-club-cap-black'),('HV6674-067_R001','HV6674-067',278.00,'R001','https://stockx.com/air-jordan-1-retro-high-85-bred'),('HV6674-067_R002','HV6674-067',300.00,'R002','https://www.flightclub.com/air-jordan-1-retro-high-85-og-bred-2025-hv6675-067'),('HV6674-067_R003','HV6674-067',228.00,'R003','http://www.goat.com/sneakers/air-jordan-1-retro-high-85-og-bred-2025-hv6675-067'),('HV8563-600_R001','HV8563-600',230.00,'R001','https://stockx.com/air-jordan-1-retro-high-og-sp-union-la-chicago-shadow'),('HV8563-600_R002','HV8563-600',250.00,'R002','https://www.flightclub.com/union-la-x-air-jordan-1-retro-high-og-sp-chicago-shadow-hv8563-600'),('HV8563-600_R003','HV8563-600',200.00,'R003','http://www.goat.com/sneakers/union-la-x-air-jordan-1-retro-high-og-sp-chicago-shadow-hv8563-600'),('HV8571-100_R001','HV8571-100',210.00,'R001','https://stockx.com/air-jordan-3-retro-og-sp-diffused-blue'),('HV8571-100_R002','HV8571-100',200.00,'R002','https://www.flightclub.com/air-jordan-3-retro-og-sp-diffused-blue-hv8571-100'),('HV8571-100_R003','HV8571-100',211.00,'R003','http://www.goat.com/sneakers/air-jordan-3-retro-og-sp-diffused-blue-hv8571-100'),('IB1482-100_R001','IB1482-100',268.00,'R001','https://stockx.com/air-jordan-3-retro-seoul-20'),('IB1482-100_R002','IB1482-100',273.00,'R002','https://www.flightclub.com/air-jordan-3-retro-seoul-2-0-ib1482-100'),('IB1482-100_R003','IB1482-100',274.00,'R003','http://www.goat.com/sneakers/air-jordan-3-retro-seoul-2-0-ib1482-100'),('IB4171-100_R001','IB4171-100',168.00,'R001','https://stockx.com/air-jordan-4-retro-white-cement-2025-gs'),('IB4171-100_R002','IB4171-100',135.00,'R002','https://www.flightclub.com/air-jordan-4-retro-og-gs-white-cement-2025-ib4171-100'),('IB4171-100_R003','IB4171-100',151.00,'R003','http://www.goat.com/sneakers/air-jordan-4-retro-og-gs-white-cement-2025-ib4171-100'),('IB4481-500_R001','IB4481-500',150.00,'R001','https://stockx.com/nike-kobe-5-protro-year-of-the-mamba-eggplant'),('IB4481-500_R002','IB4481-500',164.00,'R002','https://www.flightclub.com/zoom-kobe-5-protro-eggplant-ib4481-500'),('IB4481-500_R003','IB4481-500',153.00,'R003','http://www.goat.com/sneakers/zoom-kobe-5-protro-eggplant-ib4481-500'),('IB8874-111_R001','IB8874-111',109.00,'R001','https://stockx.com/nike-air-force-1-low-mushroom-womens'),('IB8874-111_R002','IB8874-111',82.00,'R002','https://www.flightclub.com/wmns-air-force-1-low-mushroom-ib8874-111'),('IB8874-111_R003','IB8874-111',80.00,'R003','http://www.goat.com/sneakers/wmns-air-force-1-low-mushroom-ib8874-111'),('IB8967-004_R001','IB8967-004',158.00,'R001','https://stockx.com/air-jordan-3-retro-og-rare-air'),('IB8967-004_R002','IB8967-004',142.00,'R002','https://www.flightclub.com/air-jordan-3-retro-og-rare-air-ib8967-004'),('IB8967-004_R003','IB8967-004',139.00,'R003','http://www.goat.com/sneakers/air-jordan-3-retro-og-rare-air-ib8967-004'),('ID0477_R001','ID0477',101.00,'R001','https://stockx.com/adidas-samba-og-maroon-gold-metallic'),('ID0477_R002','ID0477',100.00,'R002','https://www.flightclub.com/wmns-samba-og-maroon-id0477'),('ID0477_R003','ID0477',101.00,'R003','http://www.goat.com/sneakers/wmns-samba-og-maroon-id0477'),('ID0478_R001','ID0478',83.00,'R001','https://stockx.com/adidas-samba-og-cream-white-sand-strata-womens'),('ID0478_R002','ID0478',63.00,'R002','https://www.flightclub.com/wmns-samba-og-cream-white-sand-strata-id0478'),('ID0478_R003','ID0478',63.00,'R003','http://www.goat.com/sneakers/wmns-samba-og-cream-white-sand-strata-id0478'),('ID0780_R001','ID0780',102.00,'R001','https://stockx.com/adidas-response-cl-bad-bunny-paso-fino'),('ID0780_R002','ID0780',92.00,'R002','https://www.flightclub.com/bad-bunny-x-response-cl-ecru-tint-id0780'),('ID0780_R003','ID0780',75.00,'R003','http://www.goat.com/sneakers/bad-bunny-x-response-cl-ecru-tint-id0780'),('ID2349_R001','ID2349',93.00,'R001','https://stockx.com/adidas-yeezy-slide-slate-marine'),('ID2349_R002','ID2349',90.00,'R002','https://www.flightclub.com/yeezy-slides-slate-marina-id2349'),('ID2349_R003','ID2349',73.00,'R003','http://www.goat.com/sneakers/yeezy-slides-slate-marina-id2349'),('ID2350_R001','ID2350',126.00,'R001','https://stockx.com/adidas-yeezy-slide-slate-grey'),('ID2350_R002','ID2350',111.00,'R002','https://www.flightclub.com/yeezy-slides-slate-grey-id2350'),('ID2350_R003','ID2350',95.00,'R003','http://www.goat.com/sneakers/yeezy-slides-slate-grey-id2350'),('ID2529_R001','ID2529',82.00,'R001','https://stockx.com/adidas-campus-light-bad-bunny-brown'),('ID2529_R002','ID2529',69.00,'R002','https://www.flightclub.com/bad-bunny-x-campus-brown-id2529'),('ID2529_R003','ID2529',69.00,'R003','http://www.goat.com/sneakers/bad-bunny-x-campus-brown-id2529'),('ID2534_R001','ID2534',59.00,'R001','https://stockx.com/adidas-campus-bad-bunny-the-last-campus'),('ID2534_R002','ID2534',61.00,'R002','https://www.flightclub.com/bad-bunny-x-campus-deep-brown-id2534'),('ID2534_R003','ID2534',61.00,'R003','http://www.goat.com/sneakers/bad-bunny-x-campus-deep-brown-id2534'),('ID4126_R001','ID4126',79.00,'R001','https://stockx.com/adidas-yeezy-foam-rnnr-mx-brown-blue'),('ID4126_R002','ID4126',96.00,'R002','https://www.flightclub.com/yeezy-foam-runner-mx-brown-blue-id4126'),('ID4126_R003','ID4126',63.00,'R003','http://www.goat.com/sneakers/yeezy-foam-runner-mx-brown-blue-id4126'),('ID4132_R001','ID4132',89.00,'R001','https://stockx.com/adidas-yeezy-slide-granite'),('ID4132_R002','ID4132',85.00,'R002','https://www.flightclub.com/yeezy-slides-granite-id4132'),('ID4132_R003','ID4132',88.00,'R003','http://www.goat.com/sneakers/yeezy-slides-granite-id4132'),('ID4133_R001','ID4133',67.00,'R001','https://stockx.com/adidas-yeezy-slide-azure'),('ID4133_R002','ID4133',66.00,'R002','https://www.flightclub.com/yeezy-slides-azure-id4133'),('ID4133_R003','ID4133',44.00,'R003','http://www.goat.com/sneakers/yeezy-slides-azure-id4133'),('ID4811_R001','ID4811',113.00,'R001','https://stockx.com/adidas-yeezy-boost-350-v2-mx-dark-salt'),('ID4811_R002','ID4811',109.00,'R002','https://www.flightclub.com/yeezy-boost-350-v2-mx-dark-salt-id4811'),('ID4811_R003','ID4811',94.00,'R003','http://www.goat.com/sneakers/yeezy-boost-350-v2-mx-dark-salt-id4811'),('ID5103_R001','ID5103',130.00,'R001','https://stockx.com/adidas-yeezy-slide-dark-onyx'),('ID5103_R002','ID5103',140.00,'R002','https://www.flightclub.com/yeezy-slides-dark-onyx-id5103'),('ID5103_R003','ID5103',140.00,'R003','http://www.goat.com/sneakers/yeezy-slides-dark-onyx-id5103'),('ID5104_R001','ID5104',39.00,'R001','https://stockx.com/adidas-yeezy-slide-dark-onyx-kids'),('ID5104_R002','ID5104',58.00,'R002','https://www.flightclub.com/yeezy-slides-kids-dark-onyx-id5104'),('ID5104_R003','ID5104',43.00,'R003','http://www.goat.com/sneakers/yeezy-slides-kids-dark-onyx-id5104'),('ID5480_R001','ID5480',96.00,'R001','https://stockx.com/adidas-yeezy-slide-salt'),('ID5480_R002','ID5480',95.00,'R002','https://www.flightclub.com/yeezy-slides-salt-id5480'),('ID5480_R003','ID5480',89.00,'R003','http://www.goat.com/sneakers/yeezy-slides-salt-id5480'),('IE3699_R001','IE3699',98.00,'R001','https://stockx.com/adidas-handball-spezial-cream-white-beige-womens'),('IE3699_R002','IE3699',76.00,'R002','https://www.flightclub.com/wmns-handball-spezial-cream-white-wonder-beige-ie3699'),('IE3699_R003','IE3699',75.00,'R003','http://www.goat.com/sneakers/wmns-handball-spezial-cream-white-wonder-beige-ie3699'),('IE4783_R001','IE4783',91.00,'R001','https://stockx.com/adidas-yeezy-500-stone-salt'),('IE4783_R002','IE4783',63.00,'R002','https://www.flightclub.com/yeezy-500-stone-salt-ie4783'),('IE4783_R003','IE4783',108.00,'R003','http://www.goat.com/sneakers/yeezy-500-stone-salt-ie4783'),('IE4931_R001','IE4931',84.00,'R001','https://stockx.com/adidas-yeezy-foam-rnr-mx-granite'),('IE4931_R002','IE4931',79.00,'R002','https://www.flightclub.com/yeezy-foam-runner-mx-granite-ie4931'),('IE4931_R003','IE4931',73.00,'R003','http://www.goat.com/sneakers/yeezy-foam-runner-mx-granite-ie4931'),('IE5836_R001','IE5836',53.00,'R001','https://stockx.com/adidas-samba-og-black-wonder-white-womens'),('IE5836_R002','IE5836',63.00,'R002','https://www.flightclub.com/wmns-samba-og-black-wonder-white-ie5836'),('IE5836_R003','IE5836',58.00,'R003','http://www.goat.com/sneakers/wmns-samba-og-black-wonder-white-ie5836'),('IF0302-800_R001','IF0302-800',156.00,'R001','https://stockx.com/nike-ja-2-kool-aid-mixed-berry'),('IF0302-800_R002','IF0302-800',160.00,'R002','https://www.flightclub.com/kool-aid-x-ja-2-tropical-punch-if0302-800'),('IF0302-800_R003','IF0302-800',160.00,'R003','http://www.goat.com/sneakers/kool-aid-x-ja-2-tropical-punch-if0302-800'),('IF1617-600_R001','IF1617-600',144.00,'R001','https://stockx.com/nike-air-dt-max-96-love-letter-to-connie'),('IF1617-600_R002','IF1617-600',144.00,'R002','https://www.flightclub.com/air-dt-max-96-love-letter-to-connie-if1617-600'),('IF1617-600_R003','IF1617-600',144.00,'R003','http://www.goat.com/sneakers/air-dt-max-96-love-letter-to-connie-if1617-600'),('IF3219_R001','IF3219',105.00,'R001','https://stockx.com/adidas-yeezy-boost-350-v2-steel-grey'),('IF3219_R002','IF3219',80.00,'R002','https://www.flightclub.com/yeezy-boost-350-v2-steeple-grey-if3219'),('IF3219_R003','IF3219',80.00,'R003','http://www.goat.com/sneakers/yeezy-boost-350-v2-steeple-grey-if3219'),('IF6490_R001','IF6490',59.00,'R001','https://stockx.com/adidas-handball-spezial-earth-strata-gum-womens'),('IF6490_R002','IF6490',76.00,'R002','https://www.flightclub.com/wmns-handball-spezial-earth-strata-gum-if6490'),('IF6490_R003','IF6490',76.00,'R003','http://www.goat.com/sneakers/wmns-handball-spezial-earth-strata-gum-if6490'),('IF9735_R001','IF9735',119.00,'R001','https://stockx.com/adidas-gazelle-indoor-bad-bunny'),('IF9735_R002','IF9735',133.00,'R002','https://www.flightclub.com/bad-bunny-x-gazelle-indoor-core-white-if9735'),('IF9735_R003','IF9735',133.00,'R003','http://www.goat.com/sneakers/bad-bunny-x-gazelle-indoor-core-white-if9735'),('IG5349_R001','IG5349',86.00,'R001','https://stockx.com/adidas-yeezy-foam-rnr-carbon'),('IG5349_R002','IG5349',83.00,'R002','https://www.flightclub.com/yeezy-foam-runner-carbon-ig5349'),('IG5349_R003','IG5349',62.00,'R003','http://www.goat.com/sneakers/yeezy-foam-runner-carbon-ig5349'),('IG9030_R001','IG9030',54.00,'R001','https://stockx.com/adidas-samba-og-cloud-white-core-black-womens'),('IG9030_R002','IG9030',61.00,'R002','https://www.flightclub.com/wmns-samba-og-white-clear-granite-ig9030'),('IG9030_R003','IG9030',61.00,'R003','http://www.goat.com/sneakers/wmns-samba-og-white-clear-granite-ig9030'),('JH6206_R001','JH6206',101.00,'R001','https://stockx.com/adidas-adizero-evo-sl-white-black'),('JH6206_R002','JH6206',94.00,'R002','https://www.flightclub.com/adizero-evo-sl-white-black-jh6206'),('JH6206_R003','JH6206',100.00,'R003','http://www.goat.com/sneakers/adizero-evo-sl-white-black-jh6206'),('JH7834_R001','JH7834',64.00,'R001','https://stockx.com/adidas-bw-army-lux-white-gum'),('JH7834_R002','JH7834',90.00,'R002','https://www.flightclub.com/bw-army-lux-white-gum-jh7834'),('JH7834_R003','JH7834',90.00,'R003','http://www.goat.com/sneakers/bw-army-lux-white-gum-jh7834'),('JI0280_R001','JI0280',87.00,'R001','https://stockx.com/adidas-samba-og-liberty-london-floral-embroidery-gs'),('JI0280_R002','JI0280',97.00,'R002','https://www.flightclub.com/liberty-london-x-samba-og-j-floral-embroidery-ji0280'),('JI0280_R003','JI0280',94.00,'R003','http://www.goat.com/sneakers/liberty-london-x-samba-og-j-floral-embroidery-ji0280'),('JI2734_R001','JI2734',128.00,'R001','https://stockx.com/adidas-samba-og-preloved-red-leopard-womens'),('JI2734_R002','JI2734',109.00,'R002','https://www.flightclub.com/wmns-samba-og-preloved-red-leopard-ji2734'),('JI2734_R003','JI2734',109.00,'R003','http://www.goat.com/sneakers/wmns-samba-og-preloved-red-leopard-ji2734'),('JI2735_R001','JI2735',87.00,'R001','https://stockx.com/adidas-samba-og-black-green-leopard-womens'),('JI2735_R002','JI2735',76.00,'R002','https://www.flightclub.com/wmns-samba-og-black-green-leopard-ji2735'),('JI2735_R003','JI2735',65.00,'R003','http://www.goat.com/sneakers/wmns-samba-og-black-green-leopard-ji2735'),('JN7119_R001','JN7119',237.00,'R001','https://stockx.com/bape-x-adidas-shark-fleece-full-zip-hoodie-black'),('JP5309_R001','JP5309',127.00,'R001','https://stockx.com/adidas-gazelle-indoor-liberty-london-floral-embroidery-womens'),('JP5309_R002','JP5309',118.00,'R002','https://www.flightclub.com/liberty-london-x-wmns-gazelle-indoor-floral-embroidery-jp5309'),('JP5309_R003','JP5309',118.00,'R003','http://www.goat.com/sneakers/liberty-london-x-wmns-gazelle-indoor-floral-embroidery-jp5309'),('JQ2393_R001','JQ2393',79.00,'R001','https://stockx.com/adidas-harden-vol-8-miami-nights'),('JQ2393_R002','JQ2393',77.00,'R002','https://www.flightclub.com/harden-vol-8-pulse-magenta-jq2393'),('JQ2393_R003','JQ2393',70.00,'R003','http://www.goat.com/sneakers/harden-vol-8-pulse-magenta-jq2393'),('JQ6140_R001','JQ6140',63.00,'R001','https://stockx.com/adidas-ae-1-low-best-of-adi-20'),('JQ6140_R002','JQ6140',61.00,'R002','https://www.flightclub.com/ae-1-low-best-of-adi-2-0-jq6140'),('JQ6140_R003','JQ6140',293.00,'R003','http://www.goat.com/sneakers/ae-1-low-best-of-adi-2-0-jq6140'),('JQ8739_R001','JQ8739',152.00,'R001','https://stockx.com/adidas-climamog-off-white'),('JQ8739_R002','JQ8739',138.00,'R002','https://www.flightclub.com/climamog-off-white-jq8739'),('JQ8739_R003','JQ8739',138.00,'R003','http://www.goat.com/sneakers/climamog-off-white-jq8739'),('JQ9229_R001','JQ9229',126.00,'R001','https://stockx.com/adidas-ballerina-bad-bunny-off-white-black-gum'),('JQ9229_R002','JQ9229',120.00,'R002','https://www.flightclub.com/bad-bunny-x-ballerina-off-white-black-gum-jq9229'),('JQ9229_R003','JQ9229',120.00,'R003','http://www.goat.com/sneakers/bad-bunny-x-ballerina-off-white-black-gum-jq9229'),('JQ9230_R001','JQ9230',143.00,'R001','https://stockx.com/adidas-ballerina-bad-bunny-bold-gold'),('JQ9230_R002','JQ9230',138.00,'R002','https://www.flightclub.com/bad-bunny-x-ballerina-bold-gold-jq9230'),('JQ9230_R003','JQ9230',138.00,'R003','http://www.goat.com/sneakers/bad-bunny-x-ballerina-bold-gold-jq9230'),('JR0035_R001','JR0035',81.00,'R001','https://stockx.com/adidas-samba-og-silver-metallic-cracked-leather-womens'),('JR0035_R002','JR0035',88.00,'R002','https://www.flightclub.com/wmns-samba-og-silver-metallic-cracked-leather-jr0035'),('JR0035_R003','JR0035',81.00,'R003','http://www.goat.com/sneakers/wmns-samba-og-silver-metallic-cracked-leather-jr0035'),('JR3915_R001','JR3915',83.00,'R001','https://stockx.com/adidas-ae-1-low-3ssb-pe'),('JR3915_R002','JR3915',82.00,'R002','https://www.flightclub.com/ae-1-low-3ssb-jr3915'),('JR3915_R003','JR3915',74.00,'R003','http://www.goat.com/sneakers/ae-1-low-3ssb-jr3915'),('JR7030_R001','JR7030',95.00,'R001','https://stockx.com/adidas-taekwondo-mei-ballet-white-black-womens'),('JR7030_R002','JR7030',80.00,'R002','https://www.flightclub.com/wmns-taekwondo-mei-ballet-white-black-gum-jr7030'),('JR7030_R003','JR7030',78.00,'R003','http://www.goat.com/sneakers/wmns-taekwondo-mei-ballet-white-black-gum-jr7030'),('JR7031_R001','JR7031',107.00,'R001','https://stockx.com/adidas-taekwondo-mei-ballet-black-white-womens'),('JR7031_R002','JR7031',91.00,'R002','https://www.flightclub.com/wmns-taekwondo-mei-ballet-black-white-gum-jr7031'),('JR7031_R003','JR7031',93.00,'R003','http://www.goat.com/sneakers/wmns-taekwondo-mei-ballet-black-white-gum-jr7031'),('KI0565_R001','KI0565',229.00,'R001','https://stockx.com/adidas-climacool-25-kith-off-white-light-brown'),('KI0565_R002','KI0565',237.00,'R002','https://www.flightclub.com/kith-x-climamog-off-white-light-brown-ki0565'),('KI0565_R003','KI0565',236.00,'R003','http://www.goat.com/sneakers/kith-x-climamog-off-white-light-brown-ki0565'),('NHK63-058_R001','NHK63-058',28.00,'R001','https://stockx.com/nike-pro-hyperwarm-hood-balaclava-black');
/*!40000 ALTER TABLE `pricelisting` ENABLE KEYS */;
UNLOCK TABLES;

--
-- Table structure for table `puma`
--

DROP TABLE IF EXISTS `puma`;
/*!40101 SET @saved_cs_client     = @@character_set_client */;
/*!50503 SET character_set_client = utf8mb4 */;
CREATE TABLE `puma` (
  `Shoe_ID` varchar(10) NOT NULL,
  `Category_ID` varchar(10) DEFAULT NULL,
  `Model` varchar(50) DEFAULT NULL,
  PRIMARY KEY (`Shoe_ID`),
  KEY `Category_ID` (`Category_ID`),
  CONSTRAINT `puma_ibfk_1` FOREIGN KEY (`Shoe_ID`) REFERENCES `shoe_products` (`Shoe_ID`),
  CONSTRAINT `puma_ibfk_2` FOREIGN KEY (`Category_ID`) REFERENCES `category` (`Category_ID`)
) ENGINE=InnoDB DEFAULT CHARSET=utf8mb4 COLLATE=utf8mb4_0900_ai_ci;
/*!40101 SET character_set_client = @saved_cs_client */;

--
-- Dumping data for table `puma`
--

LOCK TABLES `puma` WRITE;
/*!40000 ALTER TABLE `puma` DISABLE KEYS */;
INSERT INTO `puma` VALUES ('309755-01','CP01','MB.01'),('309847-01','CP03','MB.03'),('310511-01','CP03','MB.03'),('310512-01','CP03','MB.03'),('310519-01','CP03','MB.03'),('310697-01','CP04','MB.04'),('310775-01','CP04','MB.04'),('310776-01','CP04','MB.04'),('310836-01','CP04','MB.04'),('311307-01','CP04','MB.04'),('311308-01','CP04','MB.04'),('311310-01','CP04','MB.04'),('311318-01','CP04','MB.04'),('311327-01','CP03','MB.03'),('312055-01','CP04','MB.04'),('374915-02','CP05','Suede'),('376678-02','CP01','MB.01'),('376848-01','CP01','MB.01'),('376941-04','CP01','MB.01'),('376941-07','CP01','MB.01'),('377411-02','CP02','MB.02'),('378916-01','CP03','MB.03'),('379221-01','CP03','MB.03'),('379223-01','CP01','MB.01'),('379328-01','CP09','KidSuper'),('379420-01','CP02','MB.02'),('396520-01','CP05','Suede'),('396521-01','CP05','Suede'),('396524-01','CP05','Suede'),('396525-01','CP05','Suede'),('397330-05','CP07','Mostro'),('398671-01','CP11','Avanti'),('398846-01','CP06','Speedcat'),('398846-02','CP06','Speedcat'),('398846-12','CP06','Speedcat'),('398846-31','CP06','Speedcat'),('399606-01','CP12','Ghostbusters'),('400986-02','CP06','Speedcat'),('401208-01','CP08','Easy Rider'),('401287-01','CP06','Speedcat'),('401287-02','CP06','Speedcat'),('401287-06','CP06','Speedcat'),('401287-07','CP06','Speedcat'),('401304-01','CP13','Teenage Mutant Ninja Turtles'),('401305-01','CP13','Teenage Mutant Ninja Turtles'),('401540-03','CP07','Mostro'),('401581-01','CP06','Speedcat'),('403587-01','CP06','Speedcat'),('403903-01','CP06','Speedcat'),('78300001','CP10','AC Milan'),('783001-01','CP10','AC Milan');
/*!40000 ALTER TABLE `puma` ENABLE KEYS */;
UNLOCK TABLES;

--
-- Table structure for table `rating`
--

DROP TABLE IF EXISTS `rating`;
/*!40101 SET @saved_cs_client     = @@character_set_client */;
/*!50503 SET character_set_client = utf8mb4 */;
CREATE TABLE `rating` (
  `UserID` varchar(10) NOT NULL,
  `Shoe_ID` varchar(10) NOT NULL,
  `Score` int DEFAULT NULL,
  PRIMARY KEY (`UserID`,`Shoe_ID`),
  KEY `Shoe_ID` (`Shoe_ID`),
  CONSTRAINT `rating_ibfk_1` FOREIGN KEY (`UserID`) REFERENCES `users` (`UserID`),
  CONSTRAINT `rating_ibfk_2` FOREIGN KEY (`Shoe_ID`) REFERENCES `shoe_products` (`Shoe_ID`)
) ENGINE=InnoDB DEFAULT CHARSET=utf8mb4 COLLATE=utf8mb4_0900_ai_ci;
/*!40101 SET character_set_client = @saved_cs_client */;

--
-- Dumping data for table `rating`
--

LOCK TABLES `rating` WRITE;
/*!40000 ALTER TABLE `rating` DISABLE KEYS */;
INSERT INTO `rating` VALUES ('U101','AQ9129-170',5),('U101','CZ0790-110',3),('U101','FZ8605-401',4),('U102','CT8532-031',3),('U102','HV4479-001',5),('U102','JR3915',5),('U103','315122-001',4),('U103','398846-12',4),('U103','FZ8224-100',5),('U104','403587-01',4),('U104','CD6404-100',5),('U104','HQ8708',3),('U105','DN3707-010',4),('U105','HJ5996-001',5),('U105','IF3219',5);
/*!40000 ALTER TABLE `rating` ENABLE KEYS */;
UNLOCK TABLES;

--
-- Table structure for table `retailer`
--

DROP TABLE IF EXISTS `retailer`;
/*!40101 SET @saved_cs_client     = @@character_set_client */;
/*!50503 SET character_set_client = utf8mb4 */;
CREATE TABLE `retailer` (
  `Retailer_ID` varchar(10) NOT NULL,
  `Contact_email` varchar(100) DEFAULT NULL,
  `Phone` varchar(15) DEFAULT NULL,
  `Retailer_Name` varchar(100) DEFAULT NULL,
  `Website_URL` varchar(200) DEFAULT NULL,
  PRIMARY KEY (`Retailer_ID`)
) ENGINE=InnoDB DEFAULT CHARSET=utf8mb4 COLLATE=utf8mb4_0900_ai_ci;
/*!40101 SET character_set_client = @saved_cs_client */;

--
-- Dumping data for table `retailer`
--

LOCK TABLES `retailer` WRITE;
/*!40000 ALTER TABLE `retailer` DISABLE KEYS */;
INSERT INTO `retailer` VALUES ('R001','support@stockx.com','0100000001','stockX','https://stockx.com'),('R002','support@flightclub.com','0100000002','flightClub','https://www.flightclub.com'),('R003','support@goat.com','0100000003','goat','https://www.goat.com'),('R004','support@stadiumgoods.com','0100000004','stadiumGoods','https://www.stadiumgoods.com');
/*!40000 ALTER TABLE `retailer` ENABLE KEYS */;
UNLOCK TABLES;

--
-- Table structure for table `review`
--

DROP TABLE IF EXISTS `review`;
/*!40101 SET @saved_cs_client     = @@character_set_client */;
/*!50503 SET character_set_client = utf8mb4 */;
CREATE TABLE `review` (
  `UserID` varchar(10) NOT NULL,
  `Shoe_ID` varchar(10) NOT NULL,
  `Comment` varchar(100) DEFAULT NULL,
  PRIMARY KEY (`UserID`,`Shoe_ID`),
  KEY `Shoe_ID` (`Shoe_ID`),
  CONSTRAINT `review_ibfk_1` FOREIGN KEY (`UserID`) REFERENCES `users` (`UserID`),
  CONSTRAINT `review_ibfk_2` FOREIGN KEY (`Shoe_ID`) REFERENCES `shoe_products` (`Shoe_ID`)
) ENGINE=InnoDB DEFAULT CHARSET=utf8mb4 COLLATE=utf8mb4_0900_ai_ci;
/*!40101 SET character_set_client = @saved_cs_client */;

--
-- Dumping data for table `review`
--

LOCK TABLES `review` WRITE;
/*!40000 ALTER TABLE `review` DISABLE KEYS */;
INSERT INTO `review` VALUES ('U101','AQ9129-170','A must-have for sneakerheads!'),('U101','CZ0790-110','A must-have for sneakerheads!'),('U101','FZ8605-401','Great grip and comfort.'),('U102','CT8532-031','Looks amazing with any fit.'),('U102','HV4479-001','Looks amazing with any fit.'),('U102','JR3915','Feels a bit tight but stylish.'),('U103','315122-001','Feels a bit tight but stylish.'),('U103','398846-12','Great grip and comfort.'),('U103','FZ8224-100','High quality material and finish.'),('U104','403587-01','Looks amazing with any fit.'),('U104','CD6404-100','Looks amazing with any fit.'),('U104','HQ8708','Feels a bit tight but stylish.'),('U105','DN3707-010','Feels a bit tight but stylish.'),('U105','HJ5996-001','Feels a bit tight but stylish.'),('U105','IF3219','A must-have for sneakerheads!');
/*!40000 ALTER TABLE `review` ENABLE KEYS */;
UNLOCK TABLES;

--
-- Table structure for table `shoe_products`
--

DROP TABLE IF EXISTS `shoe_products`;
/*!40101 SET @saved_cs_client     = @@character_set_client */;
/*!50503 SET character_set_client = utf8mb4 */;
CREATE TABLE `shoe_products` (
  `Shoe_ID` varchar(10) NOT NULL,
  `Name` varchar(50) DEFAULT NULL,
  `Brand_ID` varchar(10) DEFAULT NULL,
  `Color` varchar(20) DEFAULT NULL,
  `Size` int DEFAULT NULL,
  `UserID` varchar(10) DEFAULT NULL,
  `image_URL` varchar(1000) DEFAULT NULL,
  `Release_Date` date DEFAULT NULL,
  `Description` text,
  PRIMARY KEY (`Shoe_ID`),
  KEY `UserID` (`UserID`),
  CONSTRAINT `shoe_products_ibfk_1` FOREIGN KEY (`UserID`) REFERENCES `users` (`UserID`)
) ENGINE=InnoDB DEFAULT CHARSET=utf8mb4 COLLATE=utf8mb4_0900_ai_ci;
/*!40101 SET character_set_client = @saved_cs_client */;

--
-- Dumping data for table `shoe_products`
--

LOCK TABLES `shoe_products` WRITE;
/*!40000 ALTER TABLE `shoe_products` DISABLE KEYS */;
INSERT INTO `shoe_products` VALUES ('153265-002','Jordan 12 Retro Flu Game (2025) (GS)','Jordan','Black/Varsity Red',9,'U101','https://images.stockx.com/images/Air-Jordan-12-Retro-Flu-Game-2025-GS-Product.jpg?fit=fill&bg=FFFFFF&w=700&h=500&fm=webp&auto=compress&trim=color&q=90&dpr=2&updated_at=1740684307','2025-03-01','The 2025 version of the Air Jordan 12 Retro GS \'Flu Game\' nods back to an ailing Michael Jordan, who suited up and dominated Game 5 of the 1997 NBA Finals. A black tumbled leather upper gets radiating stitch lines and red, lizard-textured overlays. More red complements the rubber outsole, tooled with herringbone traction pods and an exposed carbon fiber shank plate for stability.'),('309755-01','Puma LaMelo Ball MB.01 Iridescent','Puma','Lilac Chiffon/Light ',9,'U101','https://images.stockx.com/images/Puma-LaMelo-Ball-MB01-Iridescent-Product.jpg?fit=fill&bg=FFFFFF&w=700&h=500&fm=webp&auto=compress&trim=color&q=90&dpr=2&updated_at=1738193358','2024-02-02','Rocking a subtle lilac hue, the PUMA MB.01 ‘Iridescent’ has an engineered mesh upper, highlighted by embroidered details and bolstered with matching overlays. LaMelo Ball’s wings logo graces the tongue, matching the aqua Formstrip and the ‘1 of 1’ tagline found on both sides of the forefoot. PUMA’s NITROFOAM midsole keeps every step soft and lightweight.'),('309847-01','Puma LaMelo Ball MB.03 Porsche','Puma','Sport Yellow/Sport Y',9,'U101','https://images.stockx.com/images/Puma-LaMelo-Ball-MB03-Porsche-Product.jpg?fit=fill&bg=FFFFFF&w=700&h=500&fm=webp&auto=compress&trim=color&q=90&dpr=2&updated_at=1738193358','2024-02-17','The Porsche x PUMA MB.03 \'Sport Yellow\' dons an engineered mesh upper bolstered with suede details on the forefoot and eyestay. Claw marks throughout the upper give them a rugged look. A Porsche Turbo signoff can be found on the bottom eyestay, while both logos adorn the padded heel. The NITROFOAM midsole has speckled details throughout, anchored by a wave-pattern rubber outsole that bleeds into different sections of the upper.'),('310511-01','Puma LaMelo Ball MB.03 Miami','Puma','Teal/Pink',9,'U101','https://images.stockx.com/images/Puma-LaMelo-Ball-MB03-Miami-Product.jpg?fit=fill&bg=FFFFFF&w=700&h=500&fm=webp&auto=compress&trim=color&q=90&dpr=2&updated_at=1738193358','2024-07-05','No description available'),('310512-01','Puma LaMelo Ball MB.03 Miami (GS)','Puma','Teal/Pink',9,'U101','https://images.stockx.com/images/Puma-LaMelo-Ball-MB03-Miami-GS-Product.jpg?fit=fill&bg=FFFFFF&w=700&h=500&fm=webp&auto=compress&trim=color&q=90&dpr=2&updated_at=1730387616','2024-07-01','No description available'),('310519-01','Puma LaMelo Ball MB.03 Lo Team Hyperlink Blue','Puma','Hyperlink Blue/Brigh',9,'U101','https://images.stockx.com/images/Puma-LaMelo-Ball-MB03-Lo-Team-Hyperlink-Blue-Product.jpg?fit=fill&bg=FFFFFF&w=700&h=500&fm=webp&auto=compress&trim=color&q=90&dpr=2&updated_at=1738193358','2024-07-31','The PUMA MB.03 Lo Team \'Hyperlink Blue\' has an aqua-colored mesh upper with patterned synthetic overlays in multiple shades of blue. A padded collar keeps you comfortable as soon as you put your shoes on, while laces feed through webbed eyelets for a lockdown feel. An ice blue NITROFOAM midsole couples with a sturdy PUMAGRIP outsole for a plush ride.'),('310697-01','Puma LaMelo Ball MB.04 LaFrancé','Puma','Team Light Blue/Cool',9,'U101','https://images.stockx.com/images/Puma-LaMelo-Ball-MB04-LaFrance-Product.jpg?fit=fill&bg=FFFFFF&w=700&h=500&fm=webp&auto=compress&trim=color&q=90&dpr=2&updated_at=1738193358','2024-09-12','The LaFrancé x PUMA MB.04 \'1 of 1\' rolls out a bright blue engineered mesh upper overlaid with an ornate 5D printed cage. LaMelo Ball\'s \'Rare\' and \'1 of One\' taglines appear on the upper for a signature look. A NITROFOAM midsole is anchored by a PUMAGRIP rubber outsole.'),('310775-01','Puma LaMelo Ball MB.04 LaFrancé (GS)','Puma','Team Light Blue/Cool',9,'U101','https://images.stockx.com/images/Puma-LaMelo-Ball-MB04-LaFrance-GS-Product.jpg?fit=fill&bg=FFFFFF&w=700&h=500&fm=webp&auto=compress&trim=color&q=90&dpr=2&updated_at=1728393099','2024-09-12','The LaFrancé x PUMA MB.04 Jr \'1 of 1\' rolls out a powder blue engineered mesh upper with matching synthetic overlays that mix with LaMelo Ball\'s taglines, \'1 of 1\' and \'Rare.\' LaFrancé, LaMelo\'s lifestyle fashion brand, signs off on the vamp, while an \'LF\' nod is embossed on the heel. A full-length NITFROFOAM midsole keeps every step lightweight, anchored by a bottom-loaded shank and a PUMAGRIP rubber outsole.'),('310776-01','Puma LaMelo Ball MB.04 Scooby-Doo','Puma','Aquatic/Lime Smash/H',9,'U101','https://images.stockx.com/images/Puma-LaMelo-Ball-MB04-Scooby-Doo-Product.jpg?fit=fill&bg=FFFFFF&w=700&h=500&fm=webp&auto=compress&trim=color&q=90&dpr=2&updated_at=1738193358','2024-11-27','The Scooby-Doo x PUMA MB.04 \'Mystery Machine\' brings a nostalgic colorway inspired by the Mystery Inc. gang\'s van. The 5D printed turquoise mesh upper gets alien tentacle overlays in lively orange and lime green. Appliqued flowers adorn the side panels, while a Scooby-Doo graphic complements the heel. A plush NITROFOAM midsole couples with a PUMAGRIP rubber outsole underfoot.'),('310836-01','Puma LaMelo Ball MB.04 Iridescent','Puma','Deep Orchid/Poison P',9,'U101','https://images.stockx.com/images/Puma-LaMelo-Ball-MB04-Iridescent-Product.jpg?fit=fill&bg=FFFFFF&w=700&h=500&fm=webp&auto=compress&trim=color&q=90&dpr=2&updated_at=1738250306','2024-11-15','No description available'),('310864-01','Puma LaMelo Ball LaFrancé Amour Moment','Puma','Alpine Snow',9,'U101','https://images.stockx.com/images/Puma-LaMelo-Ball-LaFrance-Amour-Moment-Product.jpg?fit=fill&bg=FFFFFF&w=700&h=500&fm=webp&auto=compress&trim=color&q=90&dpr=2&updated_at=1738193358','2024-07-19','No description available'),('310865-01','Puma LaMelo Ball LaFrancé Amour Untouchable','Puma','Puma Black/Glowing P',9,'U101','https://images.stockx.com/images/Puma-LaMelo-Ball-LaFrance-Amour-Untouchable-Product.jpg?fit=fill&bg=FFFFFF&w=700&h=500&fm=webp&auto=compress&trim=color&q=90&dpr=2&updated_at=1738193358','2024-07-19','No description available'),('310866-01','Puma LaMelo Ball LaFrancé Amour 1 of 1','Puma','Team Light Blue',9,'U101','https://images.stockx.com/images/Puma-LaMelo-Ball-LaFrance-Amour-1-of-1-Product.jpg?fit=fill&bg=FFFFFF&w=700&h=500&fm=webp&auto=compress&trim=color&q=90&dpr=2&updated_at=1738193358','2024-09-12','No description available'),('310867-01','Puma LaMelo Ball LaFrancé Amour Gifted','Puma','Orange/Black',9,'U101','https://images.stockx.com/images/Puma-LaMelo-Ball-LaFrance-Amour-Gifted-Product.jpg?fit=fill&bg=FFFFFF&w=700&h=500&fm=webp&auto=compress&trim=color&q=90&dpr=2&updated_at=1738193358','2024-11-08','The PUMA LaFrancé \'Gifted\' carries an orange mesh and leather upper, secured with extra-wide laces and bolstered with a heel counter. A leather \'LF\' tag graces the padded tongue, while LaMelo\'s 1 of 1 logo is embossed on the toe box. These shoes have a matching orange rubber cupsole tooled with a full-length foam midsole for a plush feel.'),('310868-01','Puma LaMelo Ball LaFrancé Amour Slime','Puma','Emerald Green',9,'U101','https://images.stockx.com/images/Puma-LaMelo-Ball-LaFrance-Amour-Slime-Product.jpg?fit=fill&bg=FFFFFF&w=700&h=500&fm=webp&auto=compress&trim=color&q=90&dpr=2&updated_at=1740156502','2024-10-18','No description available'),('310869-01','Puma LaMelo Ball LaFrancé Amour Valentine\'s Day','Puma','Pink/Cream',9,'U101','https://images.stockx.com/images/Puma-LaMelo-Ball-LaFrance-Amour-Valentines-Day-Product.jpg?fit=fill&bg=FFFFFF&w=700&h=500&fm=webp&auto=compress&trim=color&q=90&dpr=2&updated_at=1739999510','2025-02-19','The PUMA LaFrancé \'Pink Carpet\' rocks extra-wide shoelaces that feed through corded eyelets to secure the hot pink mesh upper. A molded heel counter provides a bit of extra stability, while a stuffed tongue is stamped with a suede \'LF\' signoff patch. These shoes have a matching rubber cupsole with LaMelo Ball\'s signature callouts, including \'01 of One\' and \'Not From Here\' embossed on the sidewall.'),('310870-01','Puma LaMelo Ball LaFrancé Amour Moment (GS)','Puma','Alpine Snow',9,'U101','https://images.stockx.com/images/Puma-LaMelo-Ball-LaFrance-Amour-Moment-GS.jpg?fit=fill&bg=FFFFFF&w=700&h=500&fm=webp&auto=compress&trim=color&q=90&dpr=2&updated_at=1725984354','2024-07-19','No description available'),('310872-01','Puma LaMelo Ball LaFrancé Amour 1 of 1 (GS)','Puma','Team Light Blue',9,'U101','https://images.stockx.com/images/Puma-LaMelo-Ball-LaFrance-Amour-1-of-1-GS-Product.jpg?fit=fill&bg=FFFFFF&w=700&h=500&fm=webp&auto=compress&trim=color&q=90&dpr=2&updated_at=1739472889','2024-09-12','No description available'),('311307-01','Puma LaMelo Ball MB.04 Teenage Mutant Ninja Turtle','Puma','Fluro Green Pes/PUMA',9,'U101','https://images.stockx.com/images/Puma-LaMelo-Ball-MB04-Teenage-Mutant-Ninja-Turtles-Leonardo-and-Michelangelo-Product.jpg?fit=fill&bg=FFFFFF&w=700&h=500&fm=webp&auto=compress&trim=color&q=90&dpr=2&updated_at=1739826642','2025-02-14','The Teenage Mutant Ninja Turtles x PUMA MB.04 \'Leonardo & Michelangelo\' play on LaMelo Ball\'s \'Not From Here\' tagline, using a green tentacle-like overlay that wraps around the blue mesh upper of Leonardo\'s right shoe and the orange mesh upper of Michelangelo\'s left shoe. \'L\' and \'M\' signoffs adorn each tongue, while a bandana-inspired Formstrip decorates the side. A lightweight NITROFOAM midsole is anchored by a sturdy PUMAGRIP rubber outsole.'),('311308-01','Puma LaMelo Ball MB.04 Phoenix','Puma','Red/Orange/Blue',9,'U101','https://images.stockx.com/images/Puma-LaMelo-Ball-MB04-Phoenix-Product.jpg?fit=fill&bg=FFFFFF&w=700&h=500&fm=webp&auto=compress&trim=color&q=90&dpr=2&updated_at=1738193358','2024-12-06','The PUMA MB.04 \'Phoenix\' uses red flame graphics on the orange woven mesh upper. These shoes are tangled in a web of yellow and purple synthetic overlays. They spell out \'Rare\' on the toe box, \'1 of One\' on the side, and \'1 Love\' on the opposite side. A red NITROFOAM midsole is bolstered by sculpted, blue guardrails. The rubber outsole showcases LaMelo Ball\'s \'Not From Here\' motto.'),('311310-01','Puma LaMelo Ball MB.04 Reflections','Puma','Black/Blue',9,'U101','https://images.stockx.com/images/Puma-LaMelo-Ball-MB04-Reflections.jpg?fit=fill&bg=FFFFFF&w=700&h=500&fm=webp&auto=compress&trim=color&q=90&dpr=2&updated_at=1744921547','2025-05-02','The PUMA MB.04 \'Reflections\' sports a black mesh upper wrapped in a 5D-printed overlay that shines in metallic blue and purple. A snaking design replicates alien tentacles inspired by LaMelo\'s otherworldly game, while a graphic on the heel showcases a disco LaMelo emoji. The NITROFOAM midsole works in tandem with a sturdy rubber outsole, adorned with a hovering spaceship, etched flames, and Ball\'s \'Not From Here\' motto.'),('311318-01','Puma LaMelo Ball MB.04 Lo Alien Skin','Puma','Ultra Blue/Luminous ',9,'U101','https://images.stockx.com/images/Puma-LaMelo-Ball-MB04-Lo-Metamorphosis-Product.jpg?fit=fill&bg=FFFFFF&w=700&h=500&fm=webp&auto=compress&trim=color&q=90&dpr=2&updated_at=1746403261','2025-04-18','No description available'),('311327-01','Puma LaMelo Ball MB.03 Lo Teenage Mutant Ninja Tur','Puma','Pink/Purple/Yellow',9,'U101','https://images.stockx.com/images/Puma-LaMelo-Ball-MB03-Lo-Teenage-Mutant-Ninja-Turtles-Krang-Product.jpg?fit=fill&bg=FFFFFF&w=700&h=500&fm=webp&auto=compress&trim=color&q=90&dpr=2&updated_at=1739912872','2025-02-22','The Teenage Mutant Ninja Turtles x PUMA MB.03 Lo \'Krang\' nods to the crime fighting squad\'s long-time nemesis. These shoes have a lavender mesh upper with pink synthetic overlays that mirror Krang\'s alien texture. Krang\'s face adorns the tongue tag, while his yellow eyes grace the forefoot. Both logos appear on the heel and insoles. A pink NITROFOAM midsole is wrapped in speckles for a final touch.'),('311333-02','Puma LaMelo Ball LaFrancé Mother\'s Day','Puma','Purple/Purple',9,'U101','https://images.stockx.com/images/Puma-LaMelo-Ball-LaFrance-Mothers-Day-Product.jpg?fit=fill&bg=FFFFFF&w=700&h=500&fm=webp&auto=compress&trim=color&q=90&dpr=2&updated_at=1746825090','2025-05-09','No description available'),('311334-01','Puma LaMelo Ball LaFrancé Amour Chrome Silver','Puma','Silver/Silver Mist/S',9,'U101','https://images.stockx.com/images/Puma-LaMelo-Ball-LaFrance-Amour-Chrome-Silver-Product.jpg?fit=fill&bg=FFFFFF&w=700&h=500&fm=webp&auto=compress&trim=color&q=90&dpr=2&updated_at=1743801101','2025-03-12','No description available'),('311335-01','Puma LaMelo Ball LaFrancé Amour Black','Puma','Black',9,'U101','https://images.stockx.com/images/Puma-LaMelo-Ball-LaFrance-Amour-Black-Product.jpg?fit=fill&bg=FFFFFF&w=700&h=500&fm=webp&auto=compress&trim=color&q=90&dpr=2&updated_at=1741295560','2025-03-12','No description available'),('311340-01','Puma LaMelo Ball LaFrancé Amour Black (GS)','Puma','Black/Silver',9,'U101','https://images.stockx.com/images/puma-lamelo-ball-lafrance-amour-black-gs.jpg?fit=fill&bg=FFFFFF&w=700&h=500&fm=webp&auto=compress&trim=color&q=90&dpr=2&updated_at=1740772806','2025-03-12','No description available'),('312055-01','Puma LaMelo Ball MB.04 Teenage Mutant Ninja Turtle','Puma','Fluro Green Pes/PUMA',9,'U101','https://images.stockx.com/images/Puma-LaMelo-Ball-MB04-Teenage-Mutant-Ninja-Turtles-Raphael-and-Donatello-Product.jpg?fit=fill&bg=FFFFFF&w=700&h=500&fm=webp&auto=compress&trim=color&q=90&dpr=2&updated_at=1740156527','2025-02-08','The Teenage Mutant Ninja Turtles x PUMA MB.04 \'Donatello & Raphael\' nods to the smartest and strongest members of the Turtles team. Alien tentacles represent LaMelo Ball\'s \'Not From Here\' tagline, while a bright green synthetic overlay wraps around the mesh upper, using Donatello\'s purple on the left shoe and Raphael\'s red on the right. Their respective bandanas take part in the PUMA Formstrip, while \'D\' and \'R\' graphics decorate each tongue. The NITROFOAM midsole partners with a PUMAGRIP rubber outsole underfoot.'),('315122-001','Nike Air Force 1 Low \'07 Black','Nike','Black/Black',9,'U101','https://images.stockx.com/images/Nike-Air-Force-1-07-Black-Black-Product.jpg?fit=fill&bg=FFFFFF&w=700&h=500&fm=webp&auto=compress&trim=color&q=90&dpr=2&updated_at=1738193358','2021-07-05','The all-black Air Force 1 Low is a timeless classic in Nike\'s catalog of heritage sneakers.\n<br>\n<br>\nThe Nike Air Force 1 Low \'07 Black features a triple black smooth leather upper with a matching Air sole and laces. Subtle Nike Air embroidery on the heel tab nods to the history of the AF-1 line. A metallic lace tag and woven tongue label complete the design.\n<br>\n<br>\nThe Nike Air Force 1 Low \'07 retails for $115.'),('315122-111','Nike Air Force 1 Low \'07 White','Nike','White/White',9,'U101','https://images.stockx.com/images/Nike-Air-Force-1-Low-White-07_V2-Product.jpg?fit=fill&bg=FFFFFF&w=700&h=500&fm=webp&auto=compress&trim=color&q=90&dpr=2&updated_at=1738193358','2007-01-01','The Nike Air Force 1 Low White ‘07 features an all-white leather upper with a perforated toe box and Swoosh overlays. A Nike heel embroidery and white sole completes the design.\n<br>\n<br>\nThe Nike Air Force 1 Low White ‘07 originally released in 2007, but since it is an essential colorway to the brand, it consistently restocks.\n<br>\n<br>\nTo shop all Nike Air Force 1 shoes, <a href=\"https://stockx.com/nike/air-force/1\">click here.</a> '),('374915-02','Puma Suede Classic XXI Red','Puma','High Risk Red-Puma W',9,'U101','https://images.stockx.com/images/Puma-Suede-Classic-XXI-Red-Product.jpg?fit=fill&bg=FFFFFF&w=700&h=500&fm=webp&auto=compress&trim=color&q=90&dpr=2&updated_at=1696453776','2021-02-19','No description available'),('376678-02','Puma LaMelo Ball MB.01 Iridescent Dreams','Puma','Puma Black',9,'U101','https://images.stockx.com/images/Puma-LaMelo-Ball-MB01-Iridescent-Dreams-Product.jpg?fit=fill&bg=FFFFFF&w=700&h=500&fm=webp&auto=compress&trim=color&q=90&dpr=2&updated_at=1738193358','2022-08-22','LaMelo Ball\'s signature shoe, the PUMA MB.01 \'Iridescent Dreams\' combines a sleek all-black design with shiny details. The sneaker features a black mesh upper with seamless overlays and unique collar stitching. An iridescent \'1 of 1\' tag adorns the tongue and the vamp displays the words \'Not From Here.’ The lightweight shoe rests on a tough, non-slip rubber outsole that supports a black NITRO foam midsole.'),('376848-01','Puma LaMelo Ball MB.01 Breast Cancer Awareness','Puma','Pink Alert',9,'U101','https://images.stockx.com/images/Puma-LaMelo-Ball-MB01-Breast-Cancer-Awareness-Product.jpg?fit=fill&bg=FFFFFF&w=700&h=500&fm=webp&auto=compress&trim=color&q=90&dpr=2&updated_at=1738193358','2023-09-29','A special-edition shoe released with Susan G. Komen, a breast cancer organization, the PUMA MB.01 \'Breast Cancer Awareness\' is a bright colorway of LaMelo Ball\'s first signature shoe. The mesh upper appears in red with dark pink overlays on the front, and rides on a red midsole. \'Not From Here,’ LaMelo’s tagline, is displayed on the vamp, while The Komen Foundation\'s ribbon logo adorns the tongue.'),('376941-04','Puma LaMelo Ball MB.01 White Silver','Puma','Puma White/Silver',9,'U101','https://images.stockx.com/images/Puma-LaMelo-Ball-MB01-White-Silver-Product.jpg?fit=fill&bg=FFFFFF&w=700&h=500&fm=webp&auto=compress&trim=color&q=90&dpr=2&updated_at=1738193358','2022-07-13','Debuting as part of the ‘Team Colors’ lineup, the PUMA MB.01 Lo ‘Triple White’ sports a white monomesh upper complemented by matching no-sew overlays on the forefoot. LaMelo Ball\'s ‘Not From Here’ tagline is stamped on the upper, adorned with embroidered details on the collar. A woven ‘1 of 1’ tag is stamped on the padded mesh tongue, while a Nitro Foam midsole is contained within a plastic frame for enhanced stability.'),('376941-07','Puma LaMelo Ball MB.01 Lo Green Gecko','Puma','Green Gecko/Castlero',9,'U101','https://images.stockx.com/images/Puma-LaMelo-Ball-MB01-Lo-Green-Gecko-Product.jpg?fit=fill&bg=FFFFFF&w=700&h=500&fm=webp&auto=compress&trim=color&q=90&dpr=2&updated_at=1738193358','2022-10-21','No description available'),('377411-02','Puma LaMelo Ball MB.02 Rick & Morty Adventures','Puma','Safety Yellow/Elektr',9,'U101','https://images.stockx.com/images/Puma-LaMelo-Ball-MB02-Rick-and-Morty-Adventures-Product.jpg?fit=fill&bg=FFFFFF&w=700&h=500&fm=webp&auto=compress&trim=color&q=90&dpr=2&updated_at=1676641693','2023-02-17','The PUMA MB.02 \'Adventures\' shoe brings the animated TV show Rick & Morty back to LaMelo Ball\'s signature series. Melo\'s second signature shoe boasts a unique mismatched design, with a neon yellow and pink gradient on one shoe and a gradient of green and purple on the other. The upper, made of engineered mesh, is embellished with LaMelo\'s signature wing graphic. The words ‘Rick and Morty’ appear on the toe area, and character images from the show can be found on the tongue tag and insole. The shoe is designed for performance on the basketball court, featuring a responsive NITRO-infused foam midsole and a rubber outsole with a wings-inspired traction pattern for grip.'),('378916-01','Puma LaMelo Ball MB.03 Toxic','Puma','Purple Glimmer/Green',9,'U101','https://images.stockx.com/images/Puma-LaMelo-Ball-MB03-Toxic-Product.jpg?fit=fill&bg=FFFFFF&w=700&h=500&fm=webp&auto=compress&trim=color&q=90&dpr=2&updated_at=1738193358','2023-10-27','The PUMA MB.03 ‘Toxic’ takes inspiration from an alien underworld, using purple and teal along with claw marks revealing a pink mesh underlay. Laces feed through webbing eyelets to provide a snug feel, while a padded collar keeps you comfortable the moment you lace them up. PUMA’s NITROFOAM radiant pink midsole provides soft cushioning, wrapped up by a fluorescent green rubber outsole for eye-catching contrast.'),('379221-01','Puma LaMelo Ball MB.03 Blue Hive','Puma','PUMA Black/Electric ',9,'U101','https://images.stockx.com/images/Puma-LaMelo-Ball-MB03-Blue-Hive-Product.jpg?fit=fill&bg=FFFFFF&w=700&h=500&fm=webp&auto=compress&trim=color&q=90&dpr=2&updated_at=1738193358','2023-12-08','No description available'),('379223-01','Puma LaMelo Ball MB.01 Golden Child','Puma','Metallic Gold/Fiery ',9,'U101','https://images.stockx.com/images/Puma-LaMelo-Ball-MB01-Golden-Child-Product.jpg?fit=fill&bg=FFFFFF&w=700&h=500&fm=webp&auto=compress&trim=color&q=90&dpr=2&updated_at=1738193358','2023-11-24','Originally debuting as an exclusive player edition colorway, the PUMA MB.01 ‘Golden Child’ is made of an engineered mesh upper with welded metallic gold overlays. LaMelo Ball’s signature wings logo adorns the tongue, while his ‘1 of 1’ tagline is printed on the side of the forefoot. These sneakers have a NITROFOAM midsole, wrapped in a shiny cage and coupled with a see-through rubber outsole.'),('379328-01','Puma LaMelo Ball MB.03 KidSuper','Puma','Pink Lilac/Team Ligh',9,'U101','https://images.stockx.com/images/Puma-LaMelo-Ball-MB03-KidSuper-Product.jpg?fit=fill&bg=FFFFFF&w=700&h=500&fm=webp&auto=compress&trim=color&q=90&dpr=2&updated_at=1738193358','2024-05-09','Designed in partnership with New York-based artist Colm Dillane, the KidSuper Studios x PUMA MB.03 \'Pink Lilac\' has a pink woven mesh upper with an illustrative allover print consisting of different facial features. A pink NITROFOAM midsole matches the rest of the upper, anchored by a rubber outsole that wraps up the toe and part of the sidewalls.'),('379420-01','Puma LaMelo Ball MB.02 Oreo','Puma','Black/White/Oreo',9,'U101','https://images.stockx.com/images/Puma-LaMelo-Ball-MB02-Oreo-Product.jpg?fit=fill&bg=FFFFFF&w=700&h=500&fm=webp&auto=compress&trim=color&q=90&dpr=2&updated_at=1692885911','2023-08-11','No description available'),('396520-01','Puma Suede One Piece Buggy','Puma','For All Time Red/Ult',9,'U101','https://images.stockx.com/images/Puma-Suede-One-Piece-Luffy-Product.jpg?fit=fill&bg=FFFFFF&w=700&h=500&fm=webp&auto=compress&trim=color&q=90&dpr=2&updated_at=1738193358','2024-03-23','No description available'),('396521-01','Puma Suede One Piece Red-Haired Shanks','Puma','Team Regal Red/Puma ',9,'U101','https://images.stockx.com/images/Puma-Suede-One-Piece-Red-Hair-Pirates-Product.jpg?fit=fill&bg=FFFFFF&w=700&h=500&fm=webp&auto=compress&trim=color&q=90&dpr=2&updated_at=1738193358','2024-03-23','No description available'),('396524-01','Puma Suede One Piece Straw Hat Luffy','Puma','Feather Grey/Platinu',9,'U101','https://images.stockx.com/images/Puma-Suede-One-Piece-Whitebeard-Product.jpg?fit=fill&bg=FFFFFF&w=700&h=500&fm=webp&auto=compress&trim=color&q=90&dpr=2&updated_at=1747343334','2024-03-23','No description available'),('396525-01','Puma Suede One Piece Blackbeard Teech','Puma','Puma Black/Dark Choc',9,'U101','https://images.stockx.com/images/Puma-Suede-One-Piece-Blackbeard-Product.jpg?fit=fill&bg=FFFFFF&w=700&h=500&fm=webp&auto=compress&trim=color&q=90&dpr=2&updated_at=1738193358','2024-03-23','No description available'),('397330-05','Puma Mostro OG Red Silver','Puma','For All Time Red/Sil',9,'U101','https://images.stockx.com/images/Puma-Mostro-OG-Red-Silver.jpg?fit=fill&bg=FFFFFF&w=700&h=500&fm=webp&auto=compress&trim=color&q=90&dpr=2&updated_at=1740428916','2025-03-01','Originally released in 1999, the PUMA Mostro OG was named after the Italian word for \'monster\' and takes cues from performance sprinting spikes of the \'60s and the surfing shoes of the \'80s. This \'Red Silver\' colorway features a red mesh upper, secured with an adjustable strap system, accented with a stitched silver Formstrip. A black spiked rubber outsole extends into the forefoot and heel areas for enhanced traction.'),('398671-01','Puma Avanti C Rihanna Fenty Aged Silver','Puma','Puma Aged Silver',9,'U101','https://images.stockx.com/images/Puma-Avanti-C-Rihanna-Fenty-Aged-Silver-Product.jpg?fit=fill&bg=FFFFFF&w=700&h=500&fm=webp&auto=compress&trim=color&q=90&dpr=2&updated_at=1738193358','2023-09-15','No description available'),('398846-01','Puma Speedcat OG Black White','Puma','Puma Black/Puma Whit',9,'U101','https://images.stockx.com/images/Puma-Speedcat-OG-Black-White-Product.jpg?fit=fill&bg=FFFFFF&w=700&h=500&fm=webp&auto=compress&trim=color&q=90&dpr=2&updated_at=1738193358','2024-06-29','No description available'),('398846-02','Puma Speedcat OG Red White','Puma','For All Time Red/Pum',9,'U101','https://images.stockx.com/images/Puma-Speedcat-OG-Red-White-Product.jpg?fit=fill&bg=FFFFFF&w=700&h=500&fm=webp&auto=compress&trim=color&q=90&dpr=2&updated_at=1738193358','2024-06-29','No description available'),('398846-12','Puma Speedcat OG Dark Myrtle White','Puma','Dark Myrtle/PUMA Whi',9,'U101','https://images.stockx.com/images/Puma-Speedcat-OG-Dark-Myrtle-White-Product.jpg?fit=fill&bg=FFFFFF&w=700&h=500&fm=webp&auto=compress&trim=color&q=90&dpr=2&updated_at=1738193358','2025-01-01','No description available'),('398846-31','Puma Speedcat OG Haute Coffee Frosted Ivory (Gold ','Puma','Haute Coffee/Frosted',9,'U101','https://images.stockx.com/images/Puma-Speedcat-OG-Haute-Coffee-Frosted-Ivory-Gold-Tongue-Logo-Product.jpg?fit=fill&bg=FFFFFF&w=700&h=500&fm=webp&auto=compress&trim=color&q=90&dpr=2&updated_at=1743023438','2024-10-12','No description available'),('399606-01','Puma Suede XL Ghostbusters Slimer','Puma','Green/Lime Smash/War',9,'U101','https://images.stockx.com/images/Puma-Suede-XL-Ghostbusters-Slimer-Product.jpg?fit=fill&bg=FFFFFF&w=700&h=500&fm=webp&auto=compress&trim=color&q=90&dpr=2&updated_at=1729871709','2024-10-03','No description available'),('400986-02','Puma Speedcat OG Red White (Women\'s)','Puma','For All Time Red/Whi',9,'U101','https://images.stockx.com/images/Puma-Speedcat-OG-Red-White-Womens-Product.jpg?fit=fill&bg=FFFFFF&w=700&h=500&fm=webp&auto=compress&trim=color&q=90&dpr=2&updated_at=1747006338','2024-07-01','No description available'),('401208-01','Puma Easy Rider Harry Potter Golden Snitch','Puma','Black/Chocolate',9,'U101','https://images.stockx.com/images/Puma-Easy-Rider-Harry-Potter-Golden-Snitch-Product.jpg?fit=fill&bg=FFFFFF&w=700&h=500&fm=webp&auto=compress&trim=color&q=90&dpr=2&updated_at=1743714222','2025-03-27','No description available'),('401287-01','Puma Speedcat Ballet Whisp of Pink (Women\'s)','Puma','Whisp Of Pink/White',9,'U101','https://images.stockx.com/images/Puma-Speedcat-Ballet-Whisp-of-Pink-Womens-Product.jpg?fit=fill&bg=FFFFFF&w=700&h=500&fm=webp&auto=compress&trim=color&q=90&dpr=2&updated_at=1741813714','2025-03-01','No description available'),('401287-02','Puma Speedcat Ballet Black Mauve Mist (Women\'s)','Puma','PUMA Black/Mauve Mis',9,'U101','https://images.stockx.com/images/Puma-Speedcat-Ballet-Black-Mauve-Mist-Womens-Product.jpg?fit=fill&bg=FFFFFF&w=700&h=500&fm=webp&auto=compress&trim=color&q=90&dpr=2&updated_at=1739394709','2025-03-01','No description available'),('401287-06','Puma Speedcat Ballet Black White (Women\'s)','Puma','PUMA Black/PUMA Whit',9,'U101','https://images.stockx.com/images/Puma-Speedcat-Ballet-Black-White-Womens.jpg?fit=fill&bg=FFFFFF&w=700&h=500&fm=webp&auto=compress&trim=color&q=90&dpr=2&updated_at=1744226162','2025-04-09','No description available'),('401287-07','Puma Speedcat Ballet For All Time Red (Women\'s)','Puma','For All Time Red/PUM',9,'U101','https://images.stockx.com/images/Puma-Speedcat-Ballet-For-All-Time-Red-Womens.jpg?fit=fill&bg=FFFFFF&w=700&h=500&fm=webp&auto=compress&trim=color&q=90&dpr=2&updated_at=1744226124','2025-04-09','No description available'),('401304-01','Puma Suede XL Teenage Mutant Ninja Turtles ','Puma','Green/Purple/Gum',9,'U101','https://images.stockx.com/images/Puma-Suede-XL-Teenage-Mutant-Ninja-Turtles-Product.jpg?fit=fill&bg=FFFFFF&w=700&h=500&fm=webp&auto=compress&trim=color&q=90&dpr=2&updated_at=1739999506','2025-02-14','The Teenage Mutant Ninja Turtles x PUMA Suede XL \'The Four Turtles\' has a green suede upper covered in an embossed reptilian texture, tooled with Formstrips flooded in purple, blue, orange and red. Both brand logos land on the tongue tag, while lace jewels showcase the face of each of the turtles. A traditional gum rubber sole unit undergirds the design.'),('401305-01','Puma Suede XL Teenage Mutant Ninja Turtles Krang','Puma','Pink/Yellow/Purple',9,'U101','https://images.stockx.com/images/Puma-Suede-XL-Teenage-Mutant-Ninja-Turtles-Krang.jpg?fit=fill&bg=FFFFFF&w=700&h=500&fm=webp&auto=compress&trim=color&q=90&dpr=2&updated_at=1737658565','2025-02-14','The Teenage Mutant Ninja Turtles x PUMA Suede XL 2 \'Krang\' uses a pink knit upper that has a texture evoking the archvillain\'s alien appearance. Eye-catching purple accents touch up the collar lining and suede Formstrip. A co-branded woven label adorns the tongue, while PUMA\'s jumping cat logo decorates the heel. A see-through, green-and-orange gradient rubber outsole completes the look.'),('401540-03','Puma Mostro Camo Green','Puma','Green',9,'U101','https://images.stockx.com/images/Puma-Mostro-Camo-Green-Product.jpg?fit=fill&bg=FFFFFF&w=700&h=500&fm=webp&auto=compress&trim=color&q=90&dpr=2&updated_at=1741203490','2000-01-01','No description available'),('401581-01','Puma Speedcat Ballet Silver (Women\'s)','Puma','PUMA Silver/PUMA Whi',9,'U101','https://images.stockx.com/images/Puma-Speedcat-Ballet-Silver-Womens-Product.jpg?fit=fill&bg=FFFFFF&w=700&h=500&fm=webp&auto=compress&trim=color&q=90&dpr=2&updated_at=1739912869','2025-03-01','No description available'),('403587-01','Puma Speedcat Ballet White Black (Women\'s)','Puma','White/White/Black',9,'U101','https://images.stockx.com/images/Puma-Speedcat-Ballet-White-Black-Womens-Product.jpg?fit=fill&bg=FFFFFF&w=700&h=500&fm=webp&auto=compress&trim=color&q=90&dpr=2&updated_at=1741641068','2025-03-01','No description available'),('403903-01','Puma Speedcat TTF Dark Chocolate Frosted Ivory','Puma','Dark Chocolate/Frost',9,'U101','https://images.stockx.com/images/Puma-Speedcat-TTF-Dark-Chocolate-Frosted-Ivory-Product.jpg?fit=fill&bg=FFFFFF&w=700&h=500&fm=webp&auto=compress&trim=color&q=90&dpr=2&updated_at=1746738673','2000-01-01','No description available'),('487471-160','Jordan 14 Retro Black Toe (2024)','Jordan','White/Varsity Red/Bl',9,'U101','https://images.stockx.com/images/Air-Jordan-14-Retro-Black-Toe-2024-Product.jpg?fit=fill&bg=FFFFFF&w=700&h=500&fm=webp&auto=compress&trim=color&q=90&dpr=2&updated_at=1738193358','2024-11-02','The 2024 edition of the Air Jordan 14 Retro \'Black Toe\' sports a white leather upper, highlighted by black suede accents on the toe. The tongue, collar lining and back tab are also black, the latter embellished by a Jumpman logo and a large, stylized \'23.\' A smaller red Jumpman logo complements the toe box, while a Ferrari-inspired Jumpman emblem decorates the collar. A Phylon midsole is equipped with a chrome-plated shank plate for stability and encapsulated Zoom Air units on the forefoot and heel.'),('553558-146','Jordan 1 Low Midnight Navy Neutral Grey','Jordan','White/Neutral Grey/G',9,'U101','https://images.stockx.com/images/Air-Jordan-1-Low-Midnight-Navy-Neutral-Grey-Product.jpg?fit=fill&bg=FFFFFF&w=700&h=500&fm=webp&auto=compress&trim=color&q=90&dpr=2&updated_at=1743188869','2025-04-20','No description available'),('78300001','OFF-WHITE x Puma AC Milan Authentic Jersey Black/P','Puma','Black/Power Green',9,'U101','https://images.stockx.com/images/OFF-WHITE-x-Puma-AC-Milan-Authentic-Jersey-Black-Power-Green.jpg?fit=fill&bg=FFFFFF&w=700&h=500&fm=webp&auto=compress&trim=color&q=90&dpr=2&updated_at=1739817096','2025-02-14','Please note: This listing applies to all regions, including APAC, US, and others.'),('783001-01','OFF-WHITE x Puma AC Milan Replica Jersey Black','Puma','Black',9,'U101','https://images.stockx.com/images/Off-White-x-Puma-AC-Milan-Jersey-Black-v2.jpg?fit=fill&bg=FFFFFF&w=700&h=500&fm=webp&auto=compress&trim=color&q=90&dpr=2&updated_at=1739968240','2025-02-14','The OFF-WHITE x Puma AC Milan Replica Jersey in Black is a striking collaboration between the iconic streetwear brand and the renowned Italian football club. This jersey combines Puma\'s expertise in sportswear with OFF-WHITE\'s distinctive design aesthetic, resulting in a unique piece that blends athletic functionality with high-fashion appeal. The black base color serves as a canvas for bold graphics and branding elements, making this jersey stand out both on and off the pitch. Crafted with premium materials, this replica jersey offers comfort and style for fans and fashion enthusiasts alike. The design incorporates AC Milan\'s traditional elements while infusing them with OFF-WHITE\'s signature industrial-inspired touches. This limited edition piece showcases the perfect fusion of sports heritage and contemporary streetwear, making it a must-have for collectors and supporters of both brands. Our team thinks this product is great for those who appreciate the intersection of high-fashion and sports culture, offering a unique way to show support for AC Milan while making a bold style statement.'),('AQ9129-170','Jordan 4 Retro Metallic Gold (Women\'s)','Jordan','Sail/Metallic Gold/B',9,'U101','https://images.stockx.com/images/Air-Jordan-4-Retro-Metallic-Gold-Womens-Product.jpg?fit=fill&bg=FFFFFF&w=700&h=500&fm=webp&auto=compress&trim=color&q=90&dpr=2&updated_at=1738193358','2024-03-09','The Women’s Air Jordan 4 Retro ‘Metallic Gold’ has a smooth leather upper with a subtle off-white finish and metallic gold eyelets for a regal look. These shoes have a breathable quarter panel netting and a debossed Jumpman logo on the tongue. The prominent molded heel tab backs a plush collar. Underneath, a soft midsole reveals an Air-sole heel unit for soft cushioning. The classic herringbone rubber outsole provides traction and optimal grip.'),('B75571','adidas Yeezy Boost 700 Wave Runner','Adidas','Solid Grey/Chalk Whi',9,'U101','https://images.stockx.com/images/adidas-Yeezy-Wave-Runner-700-Solid-Grey-Product.jpg?fit=fill&bg=FFFFFF&w=700&h=500&fm=webp&auto=compress&trim=color&q=90&dpr=2&updated_at=1738193358','2017-11-01','This first colorway of Yeezy Wave Runner 700 from Kanye West was introduced in November 2017, following an initial public opening in the Yeezy Season 5 fashion show previously that year. The retro-inspired lines of the sneaker worked together with a chunky silhouette reminiscent of a previous age. A mesh base on the quarter panel is completed in gray and a yellow with a teal forefoot.'),('B75807/BZ0','adidas Samba OG Black White Gum','Adidas','Core Black/Footwear ',9,'U101','https://images.stockx.com/images/adidas-Samba-Black-White-Gum-Product.jpg?fit=fill&bg=FFFFFF&w=700&h=500&fm=webp&auto=compress&trim=color&q=90&dpr=2&updated_at=1738193358','2018-06-01','The adidas Samba Black-White Gum shoe, style B75807, is a product made from kangaroo leather with an innovative lightweight upper and gum rubber sole for grip. It features adidas stripes on its sides.\n<br>\n<br>\nOf course, as their name suggests, the shoes are black and cloud-white and come with white or black shoelaces made of polyester and plastic. adidas Samba Black-White Gum’s tongue is branded with the adidas logo. Samba branding is just beneath the collar, close to the stripes on the sides of the sneakers.\n<br>\n<br>\nThe adidas Samba OG Black White Gum was originally released on January 6, 2018 at a retail price of $80, and now sits at a retail price of $100.'),('BD7633','adidas Handball Spezial Navy Gum','Adidas','Navy/Clear Sky/Gum',9,'U101','https://images.stockx.com/images/adidas-Handball-Spezial-Navy-Gum-Product.jpg?fit=fill&bg=FFFFFF&w=700&h=500&fm=webp&auto=compress&trim=color&q=90&dpr=2&updated_at=1738193358','2020-08-26','The adidas Handball Spezial \'Collegiate Navy Clear Sky\' brings back a 1979 pair crafted for the best handball players. These shoes have a navy suede upper with powder blue touches on the leather three-stripes and back tab. A goldfoil \'Spezial\' is etched on the side panel to highlight the model. Ortholite insoles keep every step light, while a flat gum rubber sole unit keeps you surefooted.'),('BY1604','adidas Yeezy Boost 350 V2 Core Black White','Adidas','Core Black/Core Whit',9,'U101','https://images.stockx.com/images/adidas-Yeezy-Boost-350-V2-Core-Black-White-Product.jpg?fit=fill&bg=FFFFFF&w=700&h=500&fm=webp&auto=compress&trim=color&q=90&dpr=2&updated_at=1738193358','2016-12-17','Featuring a black upper with a white band, SPLY 350 branding, and a translucent black midsole; the Yeezy Boost 350 V2 ‘Oreo’ released on December 17, 2016.'),('BZ0057/B75','adidas Samba OG Cloud White Core Black','Adidas','Cloud White/Core Bla',9,'U101','https://images.stockx.com/images/adidas-Samba-OG-Cloud-White-Core-Black-Product.jpg?fit=fill&bg=FFFFFF&w=700&h=500&fm=webp&auto=compress&trim=color&q=90&dpr=2&updated_at=1738193358','2018-01-01','The adidas Samba OG Cloud White Core Black (Women\'s) represents a contemporary take on a timeless style, emanating an aesthetic charm that goes beyond its original athletic purpose.​<br>​​<br>​Crafted from full-grain leather, the upper of the Cloud White Core Black adidas Samba OG (Women\'s) offers a sturdy and resilient construction. A gray suede, paired with a contrasting black heel tab, introduces an element of sophistication to the overall design. The iconic serrated 3-Stripes appear in black on both the lateral and medial sides, creating a visually striking contrast. Enhancing the shoe\'s unique identity, a Bluebird tongue label and a foil logotype mark its distinctive DNA. Underneath, a brown gum rubber outsole ensures both traction and durability, underscoring the shoe\'s practicality and style.​<br>​​<br>​The standout characteristic of the adidas Samba OG Cloud White Core Black (Women\'s) lies in its signature T-toe design. This element pays homage to football pitches of the past, while embracing a forward-looking approach with its entirely vegan composition. The shoe debuted for $100 on December 1st, 2023.'),('CD2563-101','Nike SB Dunk Low Pro White Gum','Nike','White/Black/White/Gu',9,'U101','https://images.stockx.com/images/Nike-SB-Dunk-Low-White-Gum-Product.jpg?fit=fill&bg=FFFFFF&w=700&h=500&fm=webp&auto=compress&trim=color&q=90&dpr=2&updated_at=1738193358','2023-03-01','No description available'),('CD6404-100','Nike P-6000 Triple White','Nike','White/White/White',9,'U101','https://images.stockx.com/images/Nike-P-6000-Triple-White-Product.jpg?fit=fill&bg=FFFFFF&w=700&h=500&fm=webp&auto=compress&trim=color&q=90&dpr=2&updated_at=1738193358','2019-06-17','No description available'),('CN0149-001','Nike P-6000 Metallic Silver','Nike','Metallic Silver/Sail',9,'U101','https://images.stockx.com/images/Nike-P-6000-Metallic-Silver-Product.jpg?fit=fill&bg=FFFFFF&w=700&h=500&fm=webp&auto=compress&trim=color&q=90&dpr=2&updated_at=1738193358','2023-10-06','The Nike P-6000 \'Metallic Silver\' brings a silver mesh upper with chrome-colored synthetic leather overlays. A floating Swoosh is piped in black. The full-length foam midsole works with a black rubber, herringbone-patterned outsole.'),('CP9652','adidas Yeezy Boost 350 V2 Black Red','Adidas','Core Black/Core Blac',9,'U101','https://images.stockx.com/images/adidas-Yeezy-Boost-350-V2-Core-Black-Red-2017-Product.jpg?fit=fill&bg=FFFFFF&w=700&h=500&fm=webp&auto=compress&trim=color&q=90&dpr=2&updated_at=1738193358','2017-02-11','The Yeezy Boost 350 V2 \'Bred\' brings a classic colorway to its minimalist construction. The shoe\'s upper is built with Primeknit, finished in black and highlighted by the SPLY-350 branding on the side wall. More red marks the heel pull-loop, while rope laces secure the fit. Underfoot, a full-length Boost midsole wrapped in a black rubber cage provides cushioning. A rubber outsole with cutouts provides traction.'),('CP9654','adidas Yeezy Boost 350 V2 Zebra','Adidas','White/Core Black/Red',9,'U101','https://images.stockx.com/images/adidas-Yeezy-Boost-350-V2-Zebra-Product.jpg?fit=fill&bg=FFFFFF&w=700&h=500&fm=webp&auto=compress&trim=color&q=90&dpr=2&updated_at=1738193358','2017-02-25','The Yeezy Boost 350 V2 \'Zebra\' released on February 25, 2017, combining an upper white / core black Primeknit with a red SPLY 350 branding and a full-length translucent midsole boost. On November 16, 2018, a restock of the \' Zebra \' arrived, with more pairs hitting the marketplace and building on Kanye\'s commitment to make Yeezy more available to anyone who wished to acquire them.'),('CT8012-005','Jordan 11 Retro Cool Grey (2021)','Jordan','Medium Grey/Multi-Co',9,'U101','https://images.stockx.com/images/Air-Jordan-11-Retro-Cool-Grey-2021-Product.jpg?fit=fill&bg=FFFFFF&w=700&h=500&fm=webp&auto=compress&trim=color&q=90&dpr=2&updated_at=1738193358','2021-12-11','Released in December 2021, the Air Jordan 11 Retro \'Cool Grey\' 2021 brings back a colorway from 2001 and 2010. Faithful to the OG, the shoe\'s upper is built with leather, finished in grey and supported by a darker grey patent leather mudguard. Tonal webbing eyelets are worked into the lacing system to secure the fit, while underfoot, a contrasting white phylon midsole houses full-length Air for cushioning, with a carbon fiber plate included for added support. An icy translucent rubber outsole provides traction.'),('CT8012-104','Jordan 11 Retro Legend Blue (2024)','Jordan','White/Legend Blue/Bl',9,'U101','https://images.stockx.com/images/Air-Jordan-11-Retro-Legend-Blue-2024-Product.jpg?fit=fill&bg=FFFFFF&w=700&h=500&fm=webp&auto=compress&trim=color&q=90&dpr=2&updated_at=1738193358','2024-12-14','Originally released in 1996, the 2024 edition of the Air Jordan 11 Retro \'Legend Blue / Columbia\' sports a white leather upper, accented with a matching patent leather mudguard and contrasted with a Columbia Blue embroidered Jumpman right below the collar. Bold black accents are carefully-placed in the back tab and collar lining. A white Phylon midsole partners with an Air-sole unit to bring you a lightweight feel underfoot. An icy, see-through rubber outsole showcases a carbon fiber shank plate to keep the midfoot stable.'),('CT8012-116','Jordan 11 Retro Cherry (2022)','Jordan','White/Varsity Red/Bl',9,'U101','https://images.stockx.com/images/Air-Jordan-11-Retro-Cherry-2022-Product.jpg?fit=fill&bg=FFFFFF&w=700&h=500&fm=webp&auto=compress&trim=color&q=90&dpr=2&updated_at=1738193358','2022-12-10','A new entry in the lineage of the Air Jordan 11, the \'Cherry\' also known as \'Varsity Red\' features a clean colorway that utilizes a Chicago Bulls inspired palette. The upper features white mesh with tonal webbing eyelets, while a shiny patent leather mudguard wraps around the entire shoe in a deep red hue. A red Jumpman logo appears on the back heel area, while a translucent rubber outsole finishes the look. A lightweight Phylon midsole provides cushioning while a carbon fiber spring plate offers structural support underfoot.'),('CT8012-170','Jordan 11 Retro DMP Gratitude (2023)','Jordan','Black/White/Metallic',9,'U101','https://images.stockx.com/images/Air-Jordan-11-Retro-DMP-Defining-Moments-2023-Product.jpg?fit=fill&bg=FFFFFF&w=700&h=500&fm=webp&auto=compress&trim=color&q=90&dpr=2&updated_at=1738193358','2023-12-09','Originally released in 2006, the \'Defining Moments Pack\', also known as \'DMP\', paired the AJ6 and AJ11 into a special release. Celebrating championship silhouettes that MJ wore, both shoes feature OG color blocking with gold accents. The 2023 iteration of the Air Jordan 11 Retro \'Gratitude\' returns based on the original \'Concord\' colorway. Featuring a white tumbled leather upper and a black patent leather rand around the shoe, Metallic Gold accents can be found on the embossed Jumpman logo on the heel and \'23\' stamped on the back. A Phylon midsole with Nike Air cushioning combines a carbon fiber shank plate and a clear rubber outsole.'),('CT8013-002','Jordan 12 Retro Flu Game (2025)','Jordan','Black/Varsity Red',9,'U101','https://images.stockx.com/images/Air-Jordan-12-Retro-Flu-Game-2025-Product.jpg?fit=fill&bg=FFFFFF&w=700&h=500&fm=webp&auto=compress&trim=color&q=90&dpr=2&updated_at=1740684335','2025-03-01','The 2025 edition of the Air Jordan 12 Retro \'Flu Game\' brings back the model MJ wore during the infamous Game 5 of the 1997 NBA Finals. Stitch lines adorn the black tumbled leather upper, contrasted by red lizard-textured overlays. The Jumpman emblem decorates the tongue and heel tab. A lightweight Phylon midsole packs a full-length Zoom Air unit for a plush feel. The red rubber outsole uses black herringbone pods for traction and an exposed carbon fiber shank plate for stability.'),('CT8013-112','Jordan 12 Retro Melo (2025)','Jordan','White/University Blu',9,'U101','https://images.stockx.com/images/Air-Jordan-12-Retro-Melo-2025-Product.jpg?fit=fill&bg=FFFFFF&w=700&h=500&fm=webp&auto=compress&trim=color&q=90&dpr=2&updated_at=1746307352','2025-05-17','The 2025 edition of the Air Jordan 12 Retro \'Melo\' celebrates Carmelo Anthony\'s time with the Denver Nuggets, keeping true to the 2004 original with a white leather upper, radiating stitched lines and a lizard-textured mudguard. University Blue touches adorn the collar lining, pull tab and rubber outsole, which contains an exposed carbon fiber shank plate for stability and herringbone pods for traction.'),('CT8529-112','Jordan 6 Retro Reverse Oreo','Jordan','White/Black',9,'U101','https://images.stockx.com/images/Air-Jordan-6-Retro-Reverse-Oreo-Product.jpg?fit=fill&bg=FFFFFF&w=700&h=500&fm=webp&auto=compress&trim=color&q=90&dpr=2&updated_at=1738193358','2024-06-08','The Air Jordan 6 Retro \'Reverse Oreo\' rocks a white leather upper with perforations throughout the midfoot and collar areas. A black two-hole tongue and a matching, speckled heel tab provide bold contrast. The Jumpman logo adorns the neoprene lace cover and back heel. White speckles land once again on the black midsole, equipped with an Air-sole heel unit and anchored by a see-through rubber outsole.'),('CT8529-164','Jordan 6 Retro Olympic (2024)','Jordan','White/Varsity Red/Mi',9,'U101','https://images.stockx.com/images/Air-Jordan-6-Retro-Olympic-2024-Product.jpg?fit=fill&bg=FFFFFF&w=700&h=500&fm=webp&auto=compress&trim=color&q=90&dpr=2&updated_at=1738193358','2024-08-03','Honoring the uniforms Team USA wore during the 2000 Sydney Olympics, the 2024 version of the Air Jordan 6 Retro \'Olympic\' sports a navy tumbled leather upper with contrasting white overlays. Red Jumpman logos appear on the lace guard and the back of the heel, completing the red, white and blue colorway. Traditional details like the molded two-hole tongue, lace locks and a spoiler-like pull tab remain intact. A lightweight foam midsole equips an exposed Air-sole heel unit, anchored by a see-through rubber outsole for steady traction on and off the court.'),('CT8532-001','Jordan 3 Retro Black Cat (2025)','Jordan','Black/Dark Charcoal/',9,'U101','https://images.stockx.com/images/Air-Jordan-3-Retro-Black-Cat-2025-Product.jpg?fit=fill&bg=FFFFFF&w=700&h=500&fm=webp&auto=compress&trim=color&q=90&dpr=2&updated_at=1738193358','2025-01-11','The 2025 version of the Air Jordan 3 Retro \'Black Cat\' was named after one of Michael Jordan\'s pre-NBA nicknames. Sporting black nubuck on the upper, these shoes have a matching black patent leather mudguard and charcoal elephant-print forefoot and heel overlays. The Jumpman logo graces the tongue and back tab, while a foam midsole contains a visible Air-sole heel unit for a resilient feel.'),('CT8532-031','Jordan 3 Retro Green Glow','Jordan','Black/Green Glow/Wol',9,'U101','https://images.stockx.com/images/Air-Jordan-3-Retro-Green-Glow-Product.jpg?fit=fill&bg=FFFFFF&w=700&h=500&fm=webp&auto=compress&trim=color&q=90&dpr=2&updated_at=1738193358','2024-03-16','The Air Jordan 3 Retro ‘Green Glow’ throws a splash of color into a design inspired by the OG ‘Black Cement’ colorway. These shoes have a black leather upper with elephant print overlays on the eyestay, toe cap and heel. Green pops on the upper and lower eyelets add a touch of contrast, coupled with a raised Jumpman logo on the back tab. A soft midsole pairs with an Air-sole heel unit for a lightweight feel.'),('CT8532-101','Jordan 3 Retro Lucky Shorts','Jordan','Summit White/Hydroge',9,'U101','https://images.stockx.com/images/Air-Jordan-3-Retro-Lucky-Shorts-Product.jpg?fit=fill&bg=FFFFFF&w=700&h=500&fm=webp&auto=compress&trim=color&q=90&dpr=2&updated_at=1738777785','2025-02-22','The Air Jordan 3 Retro \'Lucky Shorts\' shoes take cues from the UNC shorts Michael Jordan wore underneath his Chicago Bulls uniform. A white tumbled leather upper gets complementing grey suede forefoot and heel overlays. Powder blue eyelets match the Jumpman logos on the tongue and heel tab. More blue engulfs the heel of the off-white midsole, which contains an Air-sole united backed by a grey rubber outsole underfoot.'),('CT8532-106','Jordan 3 Retro Cement Grey','Jordan','Summit White/Fire Re',9,'U101','https://images.stockx.com/images/Air-Jordan-3-Retro-Cement-Grey-Product.jpg?fit=fill&bg=FFFFFF&w=700&h=500&fm=webp&auto=compress&trim=color&q=90&dpr=2&updated_at=1738193358','2024-08-31','The Air Jordan 3 Retro \'Cement Grey\' rocks white tumbled leather on the upper, accented with a dark grey elephant print on the eyestay and forefoot and heel overlay. A red Jumpman logo decortes the tongue and heel tab. The foam midsole partners with an encapsulated Air-sole forefoot unit and a visible Air bag heel unit for all-around cushioning.'),('CU9225-001','Nike Air Force 1 Low Supreme Black','Nike','Black/Black-Black',9,'U101','https://images.stockx.com/images/Nike-Air-Force-1-Low-Supreme-Box-Logo-Black-Product.jpg?fit=fill&bg=FFFFFF&w=700&h=500&fm=webp&auto=compress&trim=color&q=90&dpr=2&updated_at=1738193358','2020-03-05','Originally debuting as part of Supreme\'s Spring/Summer 2020 collection, the Supreme x Air Force 1 Low \'Box Logo - Black\' released in March 2020. The shoe\'s full-grain leather upper appears in black, accented by Supreme\'s red box logo on the lateral heel. The custom sockliner and additional set of laces sport further Supreme branding, while the midsole houses the usual Air for cushioning.'),('CU9225-100','Nike Air Force 1 Low Supreme White','Nike','White/White-White',9,'U101','https://images.stockx.com/images/Nike-Air-Force-1-Low-Supreme-Box-Logo-White-Product.jpg?fit=fill&bg=FFFFFF&w=700&h=500&fm=webp&auto=compress&trim=color&q=90&dpr=2&updated_at=1738193358','2020-03-05','The Supreme x Air Force 1 Low \'Box Logo - White\' released as part of the New York brand\'s Spring/Summer 2020 collection. The shoe\'s upper is built with leather, finished in white and highlighted by Supreme\'s signature box logo on the lateral heel. The custom sockliner and a second set of laces sport further Supreme branding, while Air in the heel of the midsole provides cushioning.'),('CW1590-100','Nike Dunk Low Retro White Black Panda (GS)','Nike','White/Black-White',9,'U101','https://images.stockx.com/images/Nike-Dunk-Low-Retro-White-Black-GS-Product.jpg?fit=fill&bg=FFFFFF&w=700&h=500&fm=webp&auto=compress&trim=color&q=90&dpr=2&updated_at=1738193358','2021-03-10','The Dunk Low GS \'Black White\' brings a classic two-tone colorway to the basketball classic. A grade-school iteration of the shoe, the upper appears in a mix of black and white on its leather construction, with a lightly padded tongue for support. Underfoot, a white low-profile midsole gives way to a concentric black rubber outsole, which takes its traction pattern from the Air Jordan 1.'),('CW2190-400','Nike Kobe 6 Protro Dodgers','Nike','Game Royal/White-Uni',9,'U101','https://images.stockx.com/images/Nike-Kobe-8-Protro-Dodgers-PE-Product.jpg?fit=fill&bg=FFFFFF&w=700&h=500&fm=webp&auto=compress&trim=color&q=90&dpr=2&updated_at=1744390857','2025-05-30','The Nike Zoom Kobe 6 Protro \'Dodgers\' uses a bold royal blue upper to celebrate the MLB franchise, making use of \'islands\' that create an eye-catching snakeskin texture. A white printed Swoosh graces the side panel, matching the heel cage and Kobe Bryant\'s shield logo on the tongue. The latter is touched with red baseball-style stitching, while a crimson \'8\' is embossed on the heel. A lightweight Cushlon midsole packs Zoom Air cushioning in the forefoot for a propulsive feel.'),('CZ0175‌-‌0','Nike Air Zoom GT Cut Think Pink','Nike','Pure Platinum/Regal ',9,'U101','https://images.stockx.com/images/Nike-Air-Zoom-GT-Cut-Think-Pink-Product.jpg?fit=fill&bg=FFFFFF&w=700&h=500&fm=webp&auto=compress&trim=color&q=90&dpr=2&updated_at=1738193358','2022-02-22','The Nike Air Zoom G.T. Cut Think Pink has been created in partnership with the Kay Yow Cancer Fund in support of Breast Cancer Awareness.\n<br>\n<br>\nThe Think Pink colorway of the Nike Air Zoom G.T. Cut sports breathable open white mesh weave over nylon panels ranging from pink to white. A multicolored Swoosh outline adorns the lateral side panel, along with a bright pink mud guard with a white swirl. The tongue, laces, sock liner, and insoles are all white. The heel counter is white with bright pink speckles and a bright pink streak. The midsole is Nike React white foam with a visible Air unit and an Air Zoom Strobel, complete with branding you can see through the outsole of translucent white rubber.\n<br>\n<br>\nOur sneaker experts love the Kay Yow branding and logo on the heels. The Nike Air Zoom G.T. Cut Think Pink was released on February 22, 2022, for a price of $170.'),('CZ0790-102','Jordan 1 Retro Low OG Mocha','Jordan','White/Black-Dark Moc',9,'U101','https://images.stockx.com/images/Air-Jordan-1-Retro-Low-OG-Mocha-Product.jpg?fit=fill&bg=FFFFFF&w=700&h=500&fm=webp&auto=compress&trim=color&q=90&dpr=2&updated_at=1738193358','2024-09-21','The Air Jordan 1 Retro Low OG \'Mocha\' sports a white leather upper with bold black accents on the forefoot and signature Swoosh. Brown nubuck touches the heel overlay and back tab, stamped with a black Wings logo. The Nike Air logo appears on the tongue tag and insoles. An off-white midsole equips an encapsulated Air-sole unit, anchored by a black rubber outsole.'),('CZ0790-107','Jordan 1 Low OG Rookie of the Year','Jordan','Sail/Black-Golden Ha',9,'U101','https://images.stockx.com/images/Air-Jordan-1-Low-OG-Rookie-of-the-Year-Product.jpg?fit=fill&bg=FFFFFF&w=700&h=500&fm=webp&auto=compress&trim=color&q=90&dpr=2&updated_at=1738193358','2025-04-18','The Air Jordan 1 Retro Low OG \'Rookie of the Year\' takes cues from the 2018 AJ1 High of the same name. Inspired by the outfit Michael Jordan wore during his Rookie of the Year acceptance speech in 1985, these shoes have a white and tan leather upper. A black Wings logo adorns the back tab, matching the Swoosh on the side panel and the collar lining. A red-on-black Nike Air tag adorns the tongue, while the rubber cupsole contains an encapsulated Air-sole unit for a soft feel.'),('CZ0790-110','Jordan 1 Retro Low OG Barons','Jordan','White/Black-Wolf Gre',9,'U101','https://images.stockx.com/images/Air-Jordan-1-Retro-Low-OG-Barons-Product.jpg?fit=fill&bg=FFFFFF&w=700&h=500&fm=webp&auto=compress&trim=color&q=90&dpr=2&updated_at=1738193358','2024-07-20','Commemorating the 30th anniversary of Michael Jordan\'s venture with the Chicago White Sox Double-A minor league affiliate, the Air Jordan 1 Retro Low OG \'Barons\' rocks a white leather upper with grey overlays on the forefoot and heel. Black leather accents hit the Swoosh and back tab, stamped with the iconic Wings logo. A classic rubber cupsole is equipped with an encapsulated Air-sole heel unit to cushion every step.'),('CZ0790-400','Jordan 1 Low OG Obsidian UNC','Jordan','Obsidian/University ',9,'U101','https://images.stockx.com/images/Air-Jordan-1-Low-OG-Obsidian-UNC-Product.jpg?fit=fill&bg=FFFFFF&w=700&h=500&fm=webp&auto=compress&trim=color&q=90&dpr=2&updated_at=1741202496','2025-03-29','The Air Jordan 1 Retro Low OG \'Obsidian UNC\' has a white leather upper with dark navy accents on the Swoosh, eyestay and forefoot overlay. In honor of Michael Jordan\'s alma mater, Carolina blue engulfs the heel overlay and Wings-branded back tab. A traditional rubber cupsole gets stitched sidewalls and Air-sole cushioning on the heel for a responsive feel.'),('CZ7871-001','Nike Air Max 2 CB \'94 Black White Purple','Nike','Black/White-Pure Pur',9,'U101','https://images.stockx.com/images/Nike-Air-Max-2-CB-94-Black-White-Purple-2020-Product.png?fit=fill&bg=FFFFFF&w=700&h=500&fm=webp&auto=compress&trim=color&q=90&dpr=2&updated_at=1738193358','2020-08-01','The 2025 version of the Nike Air Max 2 CB 94 Retro \'Black Purple\' brings back the exact colorway Charles Barkley wore during the 1993-94 season. These sneakers have a white leather upper tooled with black nubuck overlays and contrasting purple touches on the mesh tongue and inner bootie. A rubberized Air Max 2 patch lands on the tongue, while the Nike Air logo decorates the heel. The black foam midsole contains a visible Max Air unit in the heel.'),('CZ8065-100','Nike Air Force 1 Low Drake NOCTA Certified Lover B','Nike','White/White-Cobalt T',9,'U101','https://images.stockx.com/images/Nike-Air-Force-1-Low-Drake-Certified-Lover-Boy-Product.jpg?fit=fill&bg=FFFFFF&w=700&h=500&fm=webp&auto=compress&trim=color&q=90&dpr=2&updated_at=1738193358','2022-12-08','Drake-inspired details imbue the NOCTA x Nike Air Force 1 Low ‘Certified Lover Boy’, an understated version of the unmistakable white-on-white AF1 colorway. Asymetric NOCTA and Nike Air branding on each heel tab ornament the white tumbled leather upper, with a nod to heritage details with a perforated toe box, variable width lacing and a low-cut padded collar. Drake\'s final wink is ‘Love You Forever’ inscribed in embossed lettering across the lateral sidewall of its white midsole, giving this classic a 2022 twist'),('DA6672-200','NikeCraft General Purpose Shoe Tom Sachs','Nike','Light Cream/White-Li',9,'U101','https://images.stockx.com/images/NikeCraft-General-Purpose-Shoe-Tom-Sachs-Product.jpg?fit=fill&bg=FFFFFF&w=700&h=500&fm=webp&auto=compress&trim=color&q=90&dpr=2&updated_at=1738193358','2022-06-10','Embracing the idea that footwear can be valued just for its function, the Tom Sachs x NikeCraft General Purpose Shoe ‘Studio’ is marketed as a sneaker for everyday wear. The classic simplicity of the shoe is delivered via a knit upper in cream with overlays in a contrasting off-white suede. The signature Swoosh appears in a subtle print while pull tabs on the tongue and at the heel provide an unexpected shock of brilliant royal blue. A molded cupsole with an EVA core, gum rubber sidewalls and a rubber outsole with waffle traction offers support and grip for all-day wear.'),('DD1391-100','Nike Dunk Low Retro White Black Panda','Nike','White/Black',9,'U101','https://images.stockx.com/images/Nike-Dunk-Low-Retro-White-Black-2021-Product.jpg?fit=fill&bg=FFFFFF&w=700&h=500&fm=webp&auto=compress&trim=color&q=90&dpr=2&updated_at=1738193358','2021-03-10','The Dunk Low \'Black White\' also known as \'Panda\' brings a classic two-tone look to its classic basketball construction. The shoe\'s low-top build emerges in leather, with a white base contrasted by black overlays, with further black on the Swoosh branding. Perforations on the toe box provide breathability, while underfoot, the two-tone look is matched by the tooling, which incorporates a concentric rubber outsole for traction.'),('DD1391-103','Nike Dunk Low Grey Fog','Nike','White/Grey Fog',9,'U101','https://images.stockx.com/images/Nike-Dunk-Low-Grey-Fog-Product.jpg?fit=fill&bg=FFFFFF&w=700&h=500&fm=webp&auto=compress&trim=color&q=90&dpr=2&updated_at=1738193358','2021-09-21','Delivering a subtle two-tone colorway of the classic silhouette originally released in 1985 is the Nike Dunk Low \'Grey Fog\'. The all-leather upper features a white base with contrasting overlays in a light grey shade. The Swoosh, laces, and woven Nike tongue tag are in the same neutral tone. Additional Nike branding is on the heel tab and padded sockliner. On the bottom is a standard rubber cupsole that pairs white sidewalls with a grey rubber outsole.'),('DD1503-101','Nike Dunk Low Retro White Black Panda (Women\'s)','Nike','White/Black',9,'U101','https://images.stockx.com/images/Nike-Dunk-Low-White-Black-2021-W-Product.jpg?fit=fill&bg=FFFFFF&w=700&h=500&fm=webp&auto=compress&trim=color&q=90&dpr=2&updated_at=1738193358','2021-03-10','A women\'s shoe, the Wmns Dunk Low \'Black White\' also known as ‘Panda’ emerges with a classic two-tone look. Built entirely with leather, the shoe\'s upper sports a white base overlaid by black, with black also marking the Swoosh branding. Perforations on the toe box provide breathability, while white branding appears on the tongue and heel patch. Underfoot, the two-tone rubber cupsole includes a concentric outsole to provide traction.'),('DH6927-017','Jordan 4 Retro Thunder (2023)','Jordan','Black/Tour Yellow',9,'U101','https://images.stockx.com/images/Air-Jordan-4-Retro-Thunder-2023-Product.jpg?fit=fill&bg=FFFFFF&w=700&h=500&fm=webp&auto=compress&trim=color&q=90&dpr=2&updated_at=1738193358','2023-05-13','The 2023 Air Jordan 4 Retro \'Thunder\' reintroduces the popular color scheme that was first released in 2006 and later reissued in 2012. The shoe\'s upper appears in all-black nubuck with yellow accents on the molded eyelets, lower tongue and quarter panel, the latter two draped with black netting. Cushioned comfort underfoot is supplied by a yellow PU midsole and is enhanced by the heel’s exposed Air-sole unit. The Flight tongue tag and molded heel tab bear the iconic Jumpman branding.'),('DH6927-161','Jordan 4 Retro Red Cement','Jordan','White/Fire Red/Black',9,'U101','https://images.stockx.com/images/Air-Jordan-4-Retro-Red-Cement-Product.jpg?fit=fill&bg=FFFFFF&w=700&h=500&fm=webp&auto=compress&trim=color&q=90&dpr=2&updated_at=1738193358','2023-09-09','The Air Jordan 4 Retro ‘Red Cement’ is a midtop delivered in a color scheme reminiscent of the original ‘White Cement’ model, with a white leather upper with black accents on the lining and molded eyelets. Fire Red accents with black speckling adorn the support wings, heel tab and midsole. The heel displays an embossed Jumpman logo, and a second Jumpman appears on the tongue tag. The herringbone-patterned rubber outsole provides excellent grip on the court.'),('DM7866-200','Jordan 1 Retro Low OG SP Travis Scott Medium Olive','Jordan','Medium Olive/Black/S',9,'U101','https://images.stockx.com/images/Air-Jordan-1-Retro-Low-OG-SP-Medium-Olive-Product.jpg?fit=fill&bg=FFFFFF&w=700&h=500&fm=webp&auto=compress&trim=color&q=90&dpr=2&updated_at=1741099152','2024-09-28','The Travis Scott x Jordan 1 Retro Low OG SP \'Reverse Olive / Medium Olive\' dons a green suede base with chalk white leather overlays on the forefoot and heel areas. Scott\'s black tumbled leather reverse Swoosh adorns the side, while red pops touch the Nike Air tongue as well as the Wings and Cactus Jack logos on the back tab. These sneakers have an off-white midsole, reinforced by a sturdy olive rubber outsole.'),('DM7866-202','Jordan 1 Retro Low OG SP Travis Scott Velvet Brown','Jordan','Dark Mocha/Black/Vel',9,'U101','https://images.stockx.com/images/Air-Jordan-1-Retro-Low-OG-SP-Travis-Scott-Velvet-Brown-Product.jpg?fit=fill&bg=FFFFFF&w=700&h=500&fm=webp&auto=compress&trim=color&q=90&dpr=2&updated_at=1738193358','2024-12-21','Travis Scott\'s signature reverse Swoosh stands out on the Air Jordan 1 Retro Low OG SP \'Velvet Brown\', featuring a black tumbled leather upper with suede upper touches throughout. The brown nylon tongue gets a Nike Air tag, while mismatched Cactus Jack and Wings logos land on each back tab. A brown rubber cupsole gets stitched sidewalls and an encapsulated Air-sole heel unit for a plush sensation underfoot.'),('DN3707-010','Jordan 3 Retro OG Black Cement (2024)','Jordan','Black/Fire Red/Cemen',9,'U101','https://images.stockx.com/images/Air-Jordan-3-Retro-Black-Cement-Reimagined-Product.jpg?fit=fill&bg=FFFFFF&w=700&h=500&fm=webp&auto=compress&trim=color&q=90&dpr=2&updated_at=1738193358','2024-11-23','The 2024 version of the Air Jordan 3 Retro OG \'Black Cement\' stays true to the 1988 original, rolling out a black tumbled leather upper with grey elephant print forefoot and heel overlays. An embroidered red Jumpman stars on the tongue, while a raised Nike Air logo adorns the heel. A white foam midsole equips Air-sole cushioning, adding a touch of black along the heel, anchored by a grey rubber outsole.'),('DN3707-100','Jordan 3 Retro White Cement Reimagined','Jordan','Summit White/Fire Re',9,'U101','https://images.stockx.com/images/Air-Jordan-3-Retro-White-Cement-Reimagined-Product.jpg?fit=fill&bg=FFFFFF&w=700&h=500&fm=webp&auto=compress&trim=color&q=90&dpr=2&updated_at=1738193358','2023-03-11','Commemorating 35 years of a classic silhouette, the Air Jordan 3 Retro \'White Cement Reimagined\' marks the return of an original colorway and duplicating the build of the original 1988 model. The upper combines white leather with overlays on the heel and toe in the trademark elephant print that designer Tinker Hatfield introduced, with Varsity Red pops on the tongue’s Jumpman branding and the lace loops. Additional branding appears on the heel tab with ‘Nike Air.’ Comfort underfoot is ensured by a visible Air-sole unit and the back heel and midsole are imbued with an aged yellow tint to showcase a vintage look.'),('DR5415-100','Jordan 4 Retro SB Navy','Jordan','Summit White/White/N',9,'U101','https://images.stockx.com/images/Air-Jordan-4-Retro-SB-Navy-Product.jpg?fit=fill&bg=FFFFFF&w=700&h=500&fm=webp&auto=compress&trim=color&q=90&dpr=2&updated_at=1740411181','2025-03-18','The Nike SB x Air Jordan 4 Retro SP \'Navy\' sports a white leather upper with a grey suede forefoot overlay and side panel netting. A red Jumpman embellishes the tongue, while an embossed Nike SB logo adorns the navy heel tab. More navy accents decorate the eyelets and foam midsole, which showcases a visible Nike Air unit in the heel. A herringbone-patterned outsole uses gum rubber in high-wear areas for enhanced durability.'),('DV0833-113','Nike Dunk Low Retro University Blue','Nike','University Blue/Coco',9,'U101','https://images.stockx.com/images/Nike-Dunk-Low-Retro-University-Blue-Product.jpg?fit=fill&bg=FFFFFF&w=700&h=500&fm=webp&auto=compress&trim=color&q=90&dpr=2&updated_at=1738193358','2024-10-01','The Nike Dunk Low \'University Blue Coconut Milk\' is decked out with an off-white leather upper, powder blue overlays and a matching Swoosh. A nylon tongue and perforated details on the toe box keep the OG details intact. A rubber cupsole gets white sidewalls and a blue rubber outsole for smooth traction.'),('DV1309-100','Jordan 1 Low SE Concord','Jordan','White/Black',9,'U101','https://images.stockx.com/images/Air-Jordan-1-Low-SE-Concord-Product.jpg?fit=fill&bg=FFFFFF&w=700&h=500&fm=webp&auto=compress&trim=color&q=90&dpr=2&updated_at=1738193358','2023-01-17','No description available'),('DV1748-601','Jordan 1 Retro High OG Spider-Man Across the Spide','Jordan','University Red/Black',9,'U101','https://images.stockx.com/images/Air-Jordan-1-High-OG-Spider-Man-Across-the-Spider-Verse-Product.jpg?fit=fill&bg=FFFFFF&w=700&h=500&fm=webp&auto=compress&trim=color&q=90&dpr=2&updated_at=1738193358','2023-05-20','The Marvel x Air Jordan 1 Retro High OG ‘Next Chapter\' is a collaboration whose colorway is inspired by the animated film \'Spider-Man: Across the Spider-Verse.’ This version of the iconic sneaker model is a creative twist on the classic ‘Chicago’ colorway, with a white leather upper and black patent leather on the signature Swoosh and collar. The scarlet overlays are a combination of various textures and prints, pieced together to create a unique design that references the complex nature of the Spiderman universe. The shoe is supported by a rubber cupsole that combines aged sidewalls with a crimson semi-clear rubber outsole. A Nike tag made of woven nylon decorates the tongue while the retro Wings logo is stamped on the lateral collar flap.'),('DX9786-699','Nike Hoops Elite Backpack (32L) Elemental Pink/Bla','Nike','Elemental Pink/Black',9,'U101','https://images.stockx.com/images/Nike-Hoops-Elite-Backpack-32L-Elemental-Pink-Black-Black-Product.jpg?fit=fill&bg=FFFFFF&w=700&h=500&fm=webp&auto=compress&trim=color&q=90&dpr=2&updated_at=1746645338','2000-01-01','The Nike Hoops Elite Backpack (32L) in Elemental Pink/Black/Black is a stylish and functional accessory designed for athletes and everyday users alike. This spacious backpack features a 32-liter capacity, providing ample room for all your essentials. The striking Elemental Pink color, accented with black details, offers a bold and eye-catching look that stands out from the crowd. Crafted with Nike\'s renowned quality, this backpack is built to withstand the rigors of daily use, whether you\'re heading to the gym, school, or a weekend getaway.<br><br>Equipped with multiple compartments and pockets, the Nike Hoops Elite Backpack allows for efficient organization of your belongings. The main compartment is spacious enough to hold your gear, while additional pockets provide easy access to smaller items like your phone, keys, or water bottle. The padded shoulder straps and back panel ensure comfort during extended wear, making it ideal for those always on the move. With its durable construction and sleek design, this backpack seamlessly blends style and functionality for the modern individual.<br><br>Our team thinks this product is great for athletes and students who need a reliable, spacious backpack that can keep up with their active lifestyle while making a fashion statement.'),('DZ4137-700','Jordan 1 Retro Low OG SP Travis Scott Canary (Wome','Jordan','Canary/Racer Blue/Li',9,'U101','https://images.stockx.com/images/Air-Jordan-1-Retro-Low-OG-SP-Travis-Scott-Canary-Womens-Product.jpg?fit=fill&bg=FFFFFF&w=700&h=500&fm=webp&auto=compress&trim=color&q=90&dpr=2&updated_at=1738193358','2024-05-25','Inspired by the colors of Travis Scott\'s alma mater, Elkins High School, the Travis Scott x Women\'s Air Jordan 1 Retro Low OG SP \'Canary\' sports Scott\'s signature reverse Swoosh in Racer Blue, which embellishes the side panel. A white leather upper gets contrasting yellow forefoot and heel overlays for a bold look. A red-and-black Nike Air tag decorates the tongue, while Scott\'s Cactus Jack and Jordan Wings logos are embroidered on each heel tab. These sneakers have a traditional cupsole, accompanied by white textured sidewalls and a gum rubber outsole.'),('DZ5485-010','Jordan 1 Retro High OG Black White','Jordan','Black/White/White',9,'U101','https://images.stockx.com/images/Air-Jordan-1-High-OG-Black-White-Product.jpg?fit=fill&bg=FFFFFF&w=700&h=500&fm=webp&auto=compress&trim=color&q=90&dpr=2&updated_at=1738193358','2024-02-24','An iconic silhouette with a simple two-tone design, the Air Jordan 1 Retro High OG \'Black White 2.0\' is a high-top sneaker with white accents on the toe, Swoosh, heel, and collar contrasted against a black leather upper. Comfort is supplied by Air-sole cushioning and a rubber cupsole, which combines with white sidewalls atop a black outsole. The shoe features the Jordan Wings logo on the collar and a Nike Air tag on the tongue.'),('DZ5485-100','Jordan 1 Retro High OG Rare Air','Jordan','White/Black-Neutral ',9,'U101','https://images.stockx.com/images/Air-Jordan-1-Retro-High-OG-Rare-Air-Product.jpg?fit=fill&bg=FFFFFF&w=700&h=500&fm=webp&auto=compress&trim=color&q=90&dpr=2&updated_at=1741385112','2025-04-05','The Air Jordan 1 Retro High OG Rare Air \'Deep Royal Blue\' brings a white leather upper with royal blue forefoot and heel overlays. A grey suede collar is overlaid with white leather flaps that sport a Wings logo with \'Nike Air\' instead of the classic \'Air Jordan\' signoff. The black leather Swoosh wears away to reveal a red hue. A pre-yellowed coating on the midsole works in tandem with a black rubber outsole.'),('DZ5485-106','Jordan 1 Retro High OG Black Toe Reimagined','Jordan','Black/Black/Varsity ',9,'U101','https://images.stockx.com/images/Air-Jordan-1-Retro-High-OG-Black-Toe-Reimagined-Product.jpg?fit=fill&bg=FFFFFF&w=700&h=500&fm=webp&auto=compress&trim=color&q=90&dpr=2&updated_at=1738193358','2025-02-15','The Air Jordan 1 Retro High OG \'Black Toe Reimagined\' throws it back to an OG sample colorway worn during Michael Jordan\'s rookie photo shoot. These shoes have a white leather upper, accented by a black forefoot overlay, collar and Swoosh. Red pops make their way to the heel overlay and collar flap, stamped with an \'Air Jordan\' wordmark replacing the classic Wings logo. A woven Nike Air tag adorns the tongue, while these sneakers sport a rubber cupsole, anchored by a red outsole.'),('DZ5485-400','Jordan 1 Retro High OG UNC Toe','Jordan','University Blue/Blac',9,'U101','https://images.stockx.com/images/Air-Jordan-1-High-OG-UNC-Toe-Product.jpg?fit=fill&bg=FFFFFF&w=700&h=500&fm=webp&auto=compress&trim=color&q=90&dpr=2&updated_at=1738193358','2023-07-22','The Air Jordan 1 Retro High OG ‘UNC Toe’ pays homage to Michael Jordan’s college with a color scheme that recalls the 2018 ‘Bred Toe’ AJ1 release. The shoe features white quarter panels and black overlays on the Swoosh and forefoot against an all-leather base. The toe box, heel, and collar flap are adorned with University Blue accents, with a lateral-side classic Wings logo. The breathable nylon tongue has a retro Nike tag, and lightweight cushioning is provided by a white rubber midsole with an Air-sole heel unit within a polyurethane wedge. Underfoot, sturdy traction is ensured by the blue rubber outsole.'),('DZ5485-402','Jordan 1 Retro High OG UNC Reimagined','Jordan','Dark Powder Blue/Dar',9,'U101','https://images.stockx.com/images/Air-Jordan-1-Retro-High-OG-UNC-Reimagined-Product.jpg?fit=fill&bg=FFFFFF&w=700&h=500&fm=webp&auto=compress&trim=color&q=90&dpr=2&updated_at=1744933337','2025-05-10','The Air Jordan 1 Retro High OG \'UNC Reimagined\' nods to Michael Jordan\'s alma mater, using a white cracked leather upper powder blue leather overlays and a matching Swoosh. The Wings logo is embossed on the collar flap, while the Nike Air tag lands on the tongue. An aged midsole contains an Air-sole heel unit anchored by a distressed powder blue rubber outsole.'),('DZ5485-612','Jordan 1 Retro High OG Chicago Lost and Found','Jordan','Varsity Red/Black-Sa',9,'U101','https://images.stockx.com/images/Air-Jordan-1-Retro-High-OG-Chicago-Reimagined-Product.jpg?fit=fill&bg=FFFFFF&w=700&h=500&fm=webp&auto=compress&trim=color&q=90&dpr=2&updated_at=1738193358','2022-11-19','The Air Jordan 1 Retro High OG \'Chicago Lost & Found\' brings back the famous \'Chicago\' colorway with new storytelling elements. Featuring the OG high-cut shape, the leather upper features a white base with Varsity Red overlays and a black Swoosh and Wings logo. Cracked black leather on the padded collar gives it a vintage look, along with a pre-yellowed midsole. The packaging also tells the \'Lost & Found\' story, with a damaged-looking box plastered with sale stickers showcasing a different colored lid. A receipt is also included, alluding to finding this vintage gem tucked away in an attic or storage space.'),('EF2905','adidas Yeezy Boost 350 V2 Static (Non-Reflective)','Adidas','Static/Static/Static',9,'U101','https://images.stockx.com/images/adidas-Yeezy-Boost-350-V2-Static-Product.jpg?fit=fill&bg=FFFFFF&w=700&h=500&fm=webp&auto=compress&trim=color&q=90&dpr=2&updated_at=1738193358','2018-12-27','The Yeezy Boost 350 V2 ‘Static Non-Reflective’ 2018 is made to stand out, thanks to the contribution of exclusive features. The shoe boasts a translucent side stripe and 3M reflective accenting on the shoe’s rope laces, Primeknit upper, and Three-Stripes branding on the interior heel. The midsole is equipped with ridged TPU sidewalls with semi-translucent properties, displaying full-length adidas Boost cushioning inside.'),('FB2709-003','Nike Air Max 95 Corteiz Honey Black','Nike','Black/Black/Tour Yel',9,'U101','https://images.stockx.com/images/Nike-Air-Max-95-Corteiz-Black-Tour-Yellow-Product.jpg?fit=fill&bg=FFFFFF&w=700&h=500&fm=webp&auto=compress&trim=color&q=90&dpr=2&updated_at=1746825096','2025-04-30','The Corteiz x Nike Air Max 95 SP \'Honey Blacks\' maintains the classic Air Max look with a soft foam midsole and a yellow-hued Max Air unit underfoot. These sneakers have a black leather upper with matching mesh netting around the lace bed. Yellow embroidered tongue patches match the Cortiez signoff on the forefoot for a signature vibe.'),('FD0884-025','Nike Zoom Vomero 5 Photon Dust Metallic Silver (Wo','Nike','Photon Dust/Chrome/G',9,'U101','https://images.stockx.com/images/Nike-Zoom-Vomero-5-Photon-Dust-Metallic-Silver-W-Product.jpg?fit=fill&bg=FFFFFF&w=700&h=500&fm=webp&auto=compress&trim=color&q=90&dpr=2&updated_at=1738193358','2023-03-01','The Nike Women\'s Air Zoom Vomero 5 \'Photon Dust Metallic Silver\' is an old-school runner designed for long-lasting comfort and adorned with sparkling details. The upper is made of a combination of breathable mesh and synthetic leather in a sleek light grey hue. The toe box and iconic Swoosh are embellished with glossy chrome accents while the molded heel cage provides a stable and supportive fit. The shoe is equipped with a foam midsole with responsive forefoot and heel Zoom Air cushioning.'),('FN0266-800','Nike Kobe 8 Protro What The (2025) (GS)','Nike','Multi-Color/Multi-Co',9,'U101','https://images.stockx.com/images/Nike-Kobe-8-Protro-What-The-2025-GS-Product.jpg?fit=fill&bg=FFFFFF&w=700&h=500&fm=webp&auto=compress&trim=color&q=90&dpr=2&updated_at=1745506426','2025-04-13','No description available'),('FQ3545-300','Nike Kobe 4 Protro Girl Dad','Nike','Bicoastal/Black/Meta',9,'U101','https://images.stockx.com/images/Nike-Zoom-Kobe-4-Protro-Girl-Dad-Product.jpg?fit=fill&bg=FFFFFF&w=700&h=500&fm=webp&auto=compress&trim=color&q=90&dpr=2&updated_at=1743491551','2024-06-07','The Nike Zoom Kobe 4 Protro ‘Girl Dad’ nods to the bond Kobe Bryant shared with his daughters. The muted teal suede upper has rolled edges and contrast black accents on the Swoosh, collar lining and inside the tongue. A chrome-plated heel counter reveals Kobe Bryant’s signature on the lateral side, while the inner tongue displays a ‘Girl Dad’ signoff. These sneakers have a lightweight Phylon midsole equipped with a responsive Zoom Air heel unit. A herringbone-pattern rubber outsole meets a carbon fiber shank plate to provide midfoot support and grippy traction underfoot.'),('FQ3546-100','Nike Kobe 6 Protro Sail All-Star','Nike','Sail/Black/Light Bon',9,'U101','https://images.stockx.com/images/Nike-Kobe-6-Protro-Sail-Product.jpg?fit=fill&bg=FFFFFF&w=700&h=500&fm=webp&auto=compress&trim=color&q=90&dpr=2&updated_at=1739302365','2025-02-13','The Nike Zoom Kobe 6 Protro \'Sail\', also known as \'All-Star 2.0\', has an off-white knit upper covered in multiple stars on one side. The other side has a traditional scaly snakeskin pattern. A floating black Swoosh matches Kobe\'s shield logo on the tongue. A full-length Cushlon midsole contains a large and flexible Zoom Turbo unit in the forefoot.'),('FQ4303-400','Nike Air Foamposite One Galaxy (2025)','Nike','Obsidian/Black/Anthr',9,'U101','https://images.stockx.com/images/Nike-Air-Foamposite-One-Galaxy-2025-Product.jpg?fit=fill&bg=FFFFFF&w=700&h=500&fm=webp&auto=compress&trim=color&q=90&dpr=2&updated_at=1739302050','2025-02-21','The 2025 version of the Nike Air Foamposite One \'Galaxy\' originally released during NBA All-Star Weekend in 2012. These shoes have a nebular design, using blue and purple throughout the molded Foamposite upper. Black nubuck stars on the collar and eyestay, touched with an embroidered mini-Swoosh on the forefoot. A glow-in-the-dark, see-through rubber outsole keeps every step true.'),('FQ7928-001','Jordan 4 Retro SE Paris Olympics Wet Cement','Jordan','Smoke Grey/Iron Grey',9,'U101','https://images.stockx.com/images/Air-Jordan-4-Retro-SE-Paris-Product.jpg?fit=fill&bg=FFFFFF&w=700&h=500&fm=webp&auto=compress&trim=color&q=90&dpr=2&updated_at=1738193358','2024-07-27','The Air Jordan 4 Retro SE \'Wet Cement\' also known as \'Paris Olympics\' rocks a monochromatic design, paying tribute to the 2024 Summer Olympics. Multiple shades of grey appear on the nubuck upper, including a suede forefoot overlay and a debossed grid pattern on the side panel. Speckled details on the support wings and molded back tab add a touch of flair, while a Jumpman logo adorns the tongue. These shoes sport a grey midsole with an exposed Air-sole heel unit for plush cushioning.'),('FQ8138-001','Jordan 4 Retro White Thunder','Jordan','Black/White/Black',9,'U101','https://images.stockx.com/images/Air-Jordan-4-Retro-White-Thunder-Product.jpg?fit=fill&bg=FFFFFF&w=700&h=500&fm=webp&auto=compress&trim=color&q=90&dpr=2&updated_at=1738193358','2024-08-24','The Air Jordan 4 Retro \'White Thunder\' rocks a black suede upper with complementing white touches on the eyelets and quarter panel. Matching white Jumpman logos embellish the tongue tag and heel. A white foam midsole equips a visible Air-sole heel unit, anchored by a herringbone-pattern rubber outsole.'),('FQ8138-002','Jordan 4 Retro Fear (2024)','Jordan','Black/White/Anthraci',9,'U101','https://images.stockx.com/images/Air-Jordan-4-Retro-Fear-2024-Product.jpg?fit=fill&bg=FFFFFF&w=700&h=500&fm=webp&auto=compress&trim=color&q=90&dpr=2&updated_at=1738193358','2024-11-16','The 2024 edition of the Air Jordan 4 Retro \'Fear\' brings back the 2013 colorway, using a nubuck upper accented with a grey mudguard and toe wrap. White molded eyelets match the Jumpman logos on the tongue tag and heel. White speckles decorate the a black foam midsole, which packs an exposed Air-Sole heel unit.'),('FQ8213-001','Jordan 4 Retro White Thunder (GS)','Jordan','Black/White/Black',9,'U101','https://images.stockx.com/images/Air-Jordan-4-Retro-White-Thunder-GS-Product.jpg?fit=fill&bg=FFFFFF&w=700&h=500&fm=webp&auto=compress&trim=color&q=90&dpr=2&updated_at=1738193358','2024-08-24','The Air Jordan 4 Retro GS \'White Thunder\' keeps the same coloring from the 2006 \'Thunder\' release. This grade school version has a black nubuck upper with contrasting white accents on the mesh side panel, overlaid with black netting, and molded eyelets. A white Jumpman icon lands on the tongue and heel. A matching white midsole packs an exposed Air-sole unit for a plush feel.'),('FQ8213-006','Jordan 4 Retro Bred Reimagined (GS)','Jordan','Black/Cement Grey/Va',9,'U101','https://images.stockx.com/images/Air-Jordan-4-Retro-Bred-Reimagined-GS-Product.jpg?fit=fill&bg=FFFFFF&w=700&h=500&fm=webp&auto=compress&trim=color&q=90&dpr=2&updated_at=1738193358','2024-02-17','The Air Jordan 4 Retro GS \'Bred Reimagined\' refreshes the iconic silhouette with a black leather upper instead of the original’s nubuck construction. Classic elements appear via the textile lining and molded eyelets with Cement Grey accents. The heel tab displays OG Nike Air branding, and a crimson Jumpman logo adorns the woven Flight tongue tag. The PU midsole has a visible Air-sole unit in the heel for added comfort.'),('FV4710-100','Nike Air Max 95 Hyper Turquoise','Nike','White/Hyper Turquois',9,'U101','https://images.stockx.com/images/Nike-Air-Max-95-Hyper-Turquoise-Product.jpg?fit=fill&bg=FFFFFF&w=700&h=500&fm=webp&auto=compress&trim=color&q=90&dpr=2&updated_at=1738193358','2024-01-15','No description available'),('FV4921-600','Nike Kobe 6 Protro Reverse Grinch','Nike','Bright Crimson/Black',9,'U101','https://images.stockx.com/images/Nike-Kobe-6-Protro-Reverse-Grinch-Product.jpg?fit=fill&bg=FFFFFF&w=700&h=500&fm=webp&auto=compress&trim=color&q=90&dpr=2&updated_at=1738193358','2023-12-15','Presenting a color-flipped rendition of the renowned 2010 \'Grinch\' color scheme, the Nike Zoom Kobe 6 Protro \'Reverse Grinch\' delivers its scaly micro-mesh upper in a vivid crimson shade, highlighted by a bold black Swoosh and fastened with neon green laces. A padded low-cut collar and molded TPU heel counter ensure comfort and stability. A Cushlon midsole along with a responsive forefoot Zoom Air unit provide lightweight cushioning.'),('FV5029-006','Jordan 4 Retro Bred Reimagined','Jordan','Black/Cement Grey/Va',9,'U101','https://images.stockx.com/images/Air-Jordan-4-Retro-Bred-Reimagined-Product.jpg?fit=fill&bg=FFFFFF&w=700&h=500&fm=webp&auto=compress&trim=color&q=90&dpr=2&updated_at=1738193358','2024-02-17','The Air Jordan 4 Retro \'Bred Reimagined\' is a new iteration of the iconic design which replaces the original 1989 release\'s nubuck material with a black leather upper. Quarter panel netting, gray molded eyelets, and Nike Air branding on the heel tab are heritage details, and a crimson Jumpman logo adorns the woven Flight tongue tag. The PU midsole features encapsulated Air-sole cushioning in the forefoot and an exposed Air unit in the heel, resting on a pre-distressed rubber outsole with a herringbone traction pattern.'),('FV5029-100','Jordan 4 Retro White Cement (2025)','Jordan','Summit White/Fire Re',9,'U101','https://images.stockx.com/images/Air-Jordan-4-Retro-White-Cement-2025-Product.jpg?fit=fill&bg=FFFFFF&w=700&h=500&fm=webp&auto=compress&trim=color&q=90&dpr=2&updated_at=1743628198','2025-05-24','The 2025 version of the Air Jordan 4 Retro OG \'White Cement\' carries a layered white leather upper tooled with the signature quarter panel netting and black molded eyelets. The support wings are painted in grey, decorated with black speckles, matching the Air-assisted foam midsole, and Nike-branded heel tab. The red Jumpman logo matches the Flight-branded tongue tag. The rubber outsole has key flex grooves for a comfortable sensation and a herringbone pattern for smooth traction.'),('FV5029-141','Jordan 4 Retro Military Blue (2024)','Jordan','Off-White/Military B',9,'U101','https://images.stockx.com/images/Air-Jordan-4-Retro-Military-Blue-2024-Product.jpg?fit=fill&bg=FFFFFF&w=700&h=500&fm=webp&auto=compress&trim=color&q=90&dpr=2&updated_at=1738193358','2024-05-04','Bringing back a classic OG colorway, the 2024 version of the Jordan 4 Retro \'Military Blue\' also known as \'Industrial Blue\' returns with an off-white leather upper and nubuck forefoot overlays. The blue Jumpman logo decorates the tongue tag, matching the color of the molded eyelets, back tab and the underneath of the side panel netting. These shoes have a lightweight midsole with an encapsulated Air-sole forefoot unit and a visible Air bag in the heel.'),('FV5104-006','Jordan 11 Retro Low Bred (2025)','Jordan','Black/White-Varsity ',9,'U101','https://images.stockx.com/images/Air-Jordan-11-Retro-Low-Bred-2025-Product.jpg?fit=fill&bg=FFFFFF&w=700&h=500&fm=webp&auto=compress&trim=color&q=90&dpr=2&updated_at=1744933373','2025-04-26','The 2025 edition of the Air Jordan 11 Retro Low \'Bred\' carries a black ballistic mesh upper with a matching patent leather mudguard. A small Jumpman logo decorates the black leather back tab, while \'Jumpman\' and \'Jordan\' are etched across the tongue. Full-length Air-sole cushioning couples with a white Phylon midsole, anchored by a see-through rubber outsole and a carbon fiber spring plate for stability.'),('FV5121-006','Jordan 11 Retro Low Bred (GS) (2025)','Jordan','Black/White-Varsity ',9,'U101','https://images.stockx.com/images/Air-Jordan-11-Retro-Low-Bred-2025-GS-Product.jpg?fit=fill&bg=FFFFFF&w=700&h=500&fm=webp&auto=compress&trim=color&q=90&dpr=2&updated_at=1743702361','2025-04-26','The Air Jordan 11 Retro Low GS \'Bred\' 2025 brings back the classic Chicago Bulls-based colorway, starting with a black ballistic mesh upper, secured with rope laces that feed through webbed eyelets. A shiny patent leather mudguard bolsters the design, which rides on a white Phylon midsole, aided by full-length Air-sole cushioning and a carbon fiber shank plate. A see-through red rubber outsole uses herringbone pods for better traction.'),('FV5677','adidas Yeezy Desert Boot Salt','Adidas','Salt/Salt/Salt',9,'U101','https://images.stockx.com/images/adidas-Yeezy-Desert-Boot-Salt-Product.jpg?fit=fill&bg=FFFFFF&w=700&h=500&fm=webp&auto=compress&trim=color&q=90&dpr=2&updated_at=1738193358','2019-09-14','The Yeezy Desert Boot \'Salt\' dropped in September 2019 alongside accompanying colorways in ‘Rock’ and ‘Oil.’ This pair features a monochromatic pale grey finish, executed on an upper that combines breathable mesh with nubuck and suede overlays. A reflective pull tab runs down the length of the padded mesh tongue. Underfoot, a lugged rubber outsole is good for durable traction.'),('FZ1291-600','Nike SB Dunk Low The Wizard of Oz Poppy Field','Nike','Varsity Red/Universi',9,'U101','https://images.stockx.com/images/Nike-SB-Dunk-Low-The-Wizard-of-Oz-Poppy-Field-Product.jpg?fit=fill&bg=FFFFFF&w=700&h=500&fm=webp&auto=compress&trim=color&q=90&dpr=2&updated_at=1738193358','2024-12-23','The Wizard of Oz x Nike Dunk Low SB \'Poppy Field\' nods to the classic 1939 film. Red satin lines the upper, which is wrapped in a poppy field of Oz allover print. The silky top layer is made to be torn away, revealing a red suede surface, mirroring Dorothy\'s ruby slippers. The Nike SB and \'The Wizard of Oz\' logos star on the tongue, while \'No place like home\' is stitched on the heel. Nike SB-branded insoles depict the Wicked Witch of the West with one of her flying monkeys. The lively poppy print extends to the midsole, anchored by a red rubber outsole underfoot.'),('FZ1518-600','Nike KD 17 NRG Aunt Pearl','Nike','Pink Foam/Beyond Pin',9,'U101','https://images.stockx.com/images/Nike-KD-17-Aunt-Pearl-Product.jpg?fit=fill&bg=FFFFFF&w=700&h=500&fm=webp&auto=compress&trim=color&q=90&dpr=2&updated_at=1738193358','2024-11-15','The Nike KD 17 NRG Aunt Pearl commemorates Kevin Durant\'s late aunt with its meaningful design and striking aesthetics. This edition continues the tradition of blending basketball performance with heartfelt storytelling, and combines unique materials and design elements in an unforgettable silhouette.\n<br>\n<br>\nAunt Pearl\'s version of the KD 17 NRG by Nike features a predominantly pink foam textile upper, accented with iridescent \"KD\" branding on the tongue and heel. Embroidered details on the heel overlay add depth and symbolize the emotional connection behind the design. The midsole integrates responsive Zoom Air cushioning in the forefoot, complemented by an Air Strobel unit in the heel. This shoe was introduced to honor Durant\'s aunt and raise awareness for cancer research.\n<br>\n<br>\nOne thing we love about the Nike KD 17 NRG Aunt Pearl is its intricate embroidery that honors Kevin Durant’s family legacy. Additionally, the cushioning system blends advanced Zoom Air and Air Strobel technology, which offers impressive performance. Released on 15th November 2024, this heartfelt design retailed at $150.'),('FZ4810-200','Jordan 4 Retro OG SP A Ma Maniére While You Were S','Jordan','Fossil Stone/Metalli',9,'U101','https://images.stockx.com/images/Air-Jordan-4-Retro-OG-SP-A-Ma-Maniere-While-You-Were-Sleeping-Womens-Product.jpg?fit=fill&bg=FFFFFF&w=700&h=500&fm=webp&auto=compress&trim=color&q=90&dpr=2&updated_at=1738193358','2024-09-20','The A Ma Maniére x Women\'s Air Jordan 4 Retro \'While You Were Sleeping\' takes a grey leather upper and adds matching suede forefoot overlays and a deconstructed knit collar. Iconic details like the quarter-panel netting, molded eyelets and prominent support wings are kept intact. The Jumpman and A Ma Maniére logos take turns on each tongue tag, while a raised Nike Air logo graces the heel. A two-tone midsole boasts an exposed Air-sole heel unit for a plush feel underfoot.'),('FZ4811-001','Jordan 3 Retro OG SP A Ma Maniére While You Were S','Jordan','Black/Black/Flat Pew',9,'U101','https://images.stockx.com/images/Air-Jordan-3-Retro-OG-SP-A-Ma-Maniere-Black-Violet-Ore-Womens-Product.jpg?fit=fill&bg=FFFFFF&w=700&h=500&fm=webp&auto=compress&trim=color&q=90&dpr=2&updated_at=1738193358','2024-08-20','The A Ma Maniére x Women\'s Air Jordan 3 Retro \'While You Were Sleeping\' mixes a black tumbled leather upper with grey hairy suede forefoot and heel overlays. Perforated violet ore nubuck hits adorn the eyestay and quilted satin-lined collar, which is stripped of padding. A slimmed down tongue alternates the luxury brand\'s \'A\' logo next to the iconic Jumpman logo, while a raised Nike Air logo graces the heel tab. A vintage off-white foam midsole packs an exposed Air-sole heel unit for a plush feel underfoot.'),('FZ5896','adidas Yeezy Slide Flax','Adidas','Flax/Flax/Flax',9,'U101','https://images.stockx.com/images/adidas-Yeezy-Slide-Flax-Product.jpg?fit=fill&bg=FFFFFF&w=700&h=500&fm=webp&auto=compress&trim=color&q=90&dpr=2&updated_at=1738193358','2024-03-20','The \'Flax\' colorway of the Yeezy Slide sees the one-piece sandal arrive in a monochromatic dark beige hue. The entire shoe is made with injected EVA, making it lightweight, durable and comfortable. The outsole features a series of horizontal grooves, placed for optimal impact protection and traction.'),('FZ5897','adidas Yeezy Slide Bone (2022/2023 Restock)','Adidas','Bone/Bone/Bone',9,'U101','https://images.stockx.com/images/adidas-Yeezy-Slide-Bone-2022-Product.jpg?fit=fill&bg=FFFFFF&w=700&h=500&fm=webp&auto=compress&trim=color&q=90&dpr=2&updated_at=1738193358','2022-05-31','First released in 2019, the 2022 release of the Yeezy Slide \'Bone\' brings back a neutral colorway of the minimalist sandal. A light ivory color permeates the one-piece slide, manufactured from injection-molded EVA for lightweight durability. The outsole features a set of grooves for traction, while a small adidas logo can be found on the footbed.'),('FZ7333-002','Nike Kobe 9 EM Low Protro Mambacita','Nike','Black/Metallic Gold/',9,'U101','https://images.stockx.com/images/nike-kobe-9-em-low-protro-gift-of-mamba.jpg?fit=fill&bg=FFFFFF&w=700&h=500&fm=webp&auto=compress&trim=color&q=90&dpr=2&updated_at=1744983556','2025-05-01','The Nike Kobe 9 EM Protro \'Mambacita\' pays tribute to Gigi Bryant. The engineered mesh upper features a grey and black fade with a metallic gold Swoosh. Gold accents the \'Gigi\' callout on the back heel, as well as a Kobe sheath logo on the tongue. Flywire cables are built into the lacing system for a lockdown feel. These shoes have a marbled midsole that houses a drop-in React foam midsole, replacing the Lunarlon cushioning from the OG.'),('FZ8117-102','Jordan Jumpman Jack TR Travis Scott Bright Cactus','Jordan','Muslin/Black/Bright ',9,'U101','https://images.stockx.com/images/Air-Jordan-Jumpman-Jack-TR-Travis-Scott-Muslin-Product.jpg?fit=fill&bg=FFFFFF&w=700&h=500&fm=webp&auto=compress&trim=color&q=90&dpr=2&updated_at=1747343262','2025-04-30','The Travis Scott x Jordan Jumpman Jack TR \'Bright Cactus\' has a neon green canvas upper with off-white tumbled leather overlays. A contrasting black Swoosh matches the collar and tongue, which is stamped with a Jumpman \'Crown\' logo. \'TS\' is embroidered on the forefoot strap, while a signature Cactus Jack smiley graphic graces the heel area. A Phylon midsole works with a rubber outsole underfoot to complete the look.'),('FZ8117-204','Jordan Jumpman Jack TR Travis Scott Dark Mocha','Jordan','Dark Mocha/Black-Sai',9,'U101','https://images.stockx.com/images/Air-Jordan-Cut-The-Check-TR-Travis-Scott-Mocha-Product.jpg?fit=fill&bg=FFFFFF&w=700&h=500&fm=webp&auto=compress&trim=color&q=90&dpr=2&updated_at=1738193358','2024-11-26','The Travis Scott x Jordan Jumpman Jack TR \'Dark Mocha\' dons La Flame\'s signature reverse Swoosh in black suede, matching the black canvas upper and complementing the brown nubuck overlays. The Jumpman logo adorns the tongue, while the Cactus Jack smiley logo graces the heel area. \'TS\' is embroidered on the adjustable forefoot strap, while an oversized \'Jack\' graphic can be seen on the black rubber outsole. The matching black foam midsole above keeps every step plush and comfortable.'),('FZ8224-100','Nike Air Diamond Turf 49ers (2025)','Nike','White/Fire Red/Black',9,'U101','https://images.stockx.com/images/Nike-Air-Diamond-Turf-49ers-2025-Product.jpg?fit=fill&bg=FFFFFF&w=700&h=500&fm=webp&auto=compress&trim=color&q=90&dpr=2&updated_at=1738866260','2025-01-24','The 2025 edition of the Nike Air Diamond Turf \'49ers\' stays true to the original 1993 release, rocking a white and black leather upper secured with a wide midfoot strap. The latter gets an embossed red Swoosh, which matches the collar lining and the Nike Air logo on the heel. These kicks have a full-length foam midsole with encapsulated Air-sole cushioning underfoot.'),('FZ8605-401','Nike A\'One Indigo Girl (Women\'s)','Nike','Blue Fury/Racer Blue',9,'U101','https://images.stockx.com/images/nike-aone-blue-fury-womens.jpg?fit=fill&bg=FFFFFF&w=700&h=500&fm=webp&auto=compress&trim=color&q=90&dpr=2&updated_at=1746559652','2025-05-15','The Nike Women\'s A\'One \'Indigo Girl\' uses multiple shades of blue on the mesh upper tooled with synthetic leather accents. A pearlized Swoosh adorns the sides, while A\'ja Wilson\'s logo decorates the tongue. These shoes ride on a Cushlon 3.0 foam midsole, housed within a Phylon carrier and a plastic frame bezel for stability.'),('FZ8605-601','Nike A\'ja Wilson A\'One Pink A\'ura (Women\'s)','Nike','Hyper Pink/Laser Pin',9,'U101','https://images.stockx.com/images/Nike-AOne-Pink-Aura-Womens.jpg?fit=fill&bg=FFFFFF&w=700&h=500&fm=webp&auto=compress&trim=color&q=90&dpr=2&updated_at=1742243289','2025-05-06','No description available'),('GW1229','adidas Yeezy Boost 350 V2 Beluga Reflective','Adidas','Reflective/Steeple G',9,'U101','https://images.stockx.com/images/adidas-Yeezy-Boost-350-V2-Beluga-Reflective-Product.jpg?fit=fill&bg=FFFFFF&w=700&h=500&fm=webp&auto=compress&trim=color&q=90&dpr=2&updated_at=1738193358','2021-12-18','The adidas Yeezy Boost 350 V2 \'Beluga Reflective\' revisits a 2016 colorway, pairing a predominantly grey Primeknit upper with an orange side stripe that features SPLY-350 branding. The knit build is interwoven with reflective fibers that provide enhanced visibility in low-light conditions. A full-length Boost midsole housed in a semi-translucent rubber cage provides support, durability and traction.'),('GY3438','adidas Yeezy Boost 350 V2 Light','Adidas','Light/Light/Light',9,'U101','https://images.stockx.com/images/adidas-Yeezy-Boost-350-V2-Light-Product.jpg?fit=fill&bg=FFFFFF&w=700&h=500&fm=webp&auto=compress&trim=color&q=90&dpr=2&updated_at=1738193358','2021-08-28','The Yeezy Boost 350 V2 \'Light\' features a clean colorway with unique detailing. While the shoe\'s upper, built with Primeknit, appears in white, but when exposed to sunlight, the knit construction appears in pink. The monofilament stripe also changes color, turning to amber, while underfoot, the usual tooling provides cushioning, consisting of a full-length Boost midsole wrapped in a rubber cage.'),('GY7164','adidas Yeezy Boost 350 V2 Dazzling Blue','Adidas','Core Black/Dazzling ',9,'U101','https://images.stockx.com/images/adidas-Yeezy-Boost-350-V2-Dazzling-Blue-Product.jpg?fit=fill&bg=FFFFFF&w=700&h=500&fm=webp&auto=compress&trim=color&q=90&dpr=2&updated_at=1738193358','2022-02-26','Delivering a two-tone colorway of Kanye West\'s popular lifestyle runner is the adidas Yeeezy Boost 350 V2 \'Dazzling Blue.\' The minimalist upper is constructed with flexible Primeknit, pitched to a solid black hue with contrasting threads woven throughout. A royal blue streak cuts through the lateral side, complete with signature SPLY-350 branding. Responsive cushioning arrives via a full-length Boost midsole wrapped in a semi-translucent TPU cage.'),('H03665','adidas Yeezy 450 Utility Black','Adidas','Utility Black/Utilit',9,'U101','https://images.stockx.com/images/adidas-Yeezy-450-Utility-Black-Product.jpg?fit=fill&bg=FFFFFF&w=700&h=500&fm=webp&auto=compress&trim=color&q=90&dpr=2&updated_at=1738193358','2022-08-02','The Adidas Yeezy 450 \'Utility Black\' balances its bold design with a sleek, all-black color scheme. The shoe features a lightweight construction with an upper in black knit, fastened with laces and delivering a snug, sock-like cuff. The midsole, made of a black PU material, encases the sides and heel and offers both support and a unique look. The bottom of the shoe provides a contoured outsole with grooves for improved traction.'),('HF1567-200','Jordan 1 Low SE Legend Light Brown','Jordan','Legend Light Brown/S',9,'U101','https://images.stockx.com/images/Air-Jordan-1-Low-SE-Legend-Light-Brown-Product.jpg?fit=fill&bg=FFFFFF&w=700&h=500&fm=webp&auto=compress&trim=color&q=90&dpr=2&updated_at=1738193358','2024-08-20','No description available'),('HF3058-300','Nike SB Dunk Low Rodeo Tourmaline','Nike','Tourmaline/Baroque B',9,'U101','https://images.stockx.com/images/Nike-SB-Dunk-Low-Black-History-Month-2025-Product.jpg?fit=fill&bg=FFFFFF&w=700&h=500&fm=webp&auto=compress&trim=color&q=90&dpr=2&updated_at=1747343266','2025-05-09','The Dunk Low SB \'Rodeo\',also known as \'Tourmaline\', rolls out a green suede upper secured with braided laces. A black suede Swoosh adorns the side panel, while unique Sonora-style embroidery graces the heel. Orange piping, a yellow knit lining, and an orange leather back tab bring a touch of radiant color. The insoles have custom artwork depicting a cowboy herding cattle. A partially see-through rubber outsole underfoot completes the look.'),('HF3975-001','Jordan 5 Retro OG Black Metallic Reimagined','Jordan','Black/White-Metallic',9,'U101','https://images.stockx.com/images/Air-Jordan-5-Retro-OG-Black-Metallic-Reimagined-Product.jpg?fit=fill&bg=FFFFFF&w=700&h=500&fm=webp&auto=compress&trim=color&q=90&dpr=2&updated_at=1738617131','2025-02-08','The Air Jordan 5 Retro OG \'Black Metallic Reimagined\' sports a black nubuck upper with molded eyelets, its typical side panel netting and reflective piping details. More 3M reflective accents reach the padded Jumpman tongue and the raised Nike Air-branded heel. These shoes have a foam midsole decorated with metallic silver sharktooth details and an exposed Air-sole heel unit. A partially see-through rubber outsole wraps up the look.'),('HF3976-001','Jordan 5 Retro OG Black Metallic Reimagined (GS)','Jordan','Black/White-Metallic',9,'U101','https://images.stockx.com/images/Air-Jordan-5-Retro-OG-Black-Metallic-Reimagined-GS-Product.jpg?fit=fill&bg=FFFFFF&w=700&h=500&fm=webp&auto=compress&trim=color&q=90&dpr=2&updated_at=1740156127','2025-02-08','The Air Jordan 5 Retro OG GS \'Black Metallic Reimagined\' has a black nubuck upper tooled with overlays outlined in reflective piping. Molded eyelets, lace locks and the traditional panel netting comprise some of the key details. 3M reflective touches land on the Jumpman-branded tongue, as well as the Nike Air heel logo. Metallic silver sharktooth details adorn the black midsole, which contains an Air-sole heel unit and a partially see-through rubber outsole.'),('HF4340-800','Air Jordan 4 Retro OG SP Nigel Sylvester Brick by ','Jordan','Firewood Orange/Sail',9,'U101','https://images.stockx.com/images/Air-Air-Jordan-4-Retro-OG-SP-Nigel-Sylvester-Bike-Air-Firewood-Orange-Product.jpg?fit=fill&bg=FFFFFF&w=700&h=500&fm=webp&auto=compress&trim=color&q=90&dpr=2&updated_at=1741209000','2025-03-14','The Nigel Sylvester x Air Jordan 4 Retro OG SP \'Brick By Brick\' sports a monochromatic, orange suede upper with the traditional quarter netting, molded eyelets and plastic support wings. Off-white accents land on the Flight logo, Jumpman tongue tag and an embroidered forefoot mini-Swoosh. The Bike Air insignia adorns the heel tab, while an off-white foam midsole packs an Air-sole heel unit for soft cushioning.'),('HF7001-600','Nike A\'One Pink A\'ura (GS)','Nike','Hyper Pink/Polarized',9,'U101','https://images.stockx.com/images/Nike-AOne-Pink-Aura-GS.jpg?fit=fill&bg=FFFFFF&w=700&h=500&fm=webp&auto=compress&trim=color&q=90&dpr=2&updated_at=1742416308','2025-05-06','No description available'),('HF8022-300','Nike SB Dunk Low Yuto Horigome Matcha','Nike','Asparagus/Legion Gre',9,'U101','https://images.stockx.com/images/Nike-SB-Dunk-Low-Yuto-Horigome-Asparagus-Product.jpg?fit=fill&bg=FFFFFF&w=700&h=500&fm=webp&auto=compress&trim=color&q=90&dpr=2&updated_at=1741381489','2025-04-05','The Yuto Horigome x Nike Dunk Low SB \'Matcha\' carries a tan suede upper with lime green leather overlays touched with speckled details. A darker shade of green lands on the Swoosh, while brown knit wraps the collar. A cross-feather graphic created by Japanese artist Verdy graces the heel and the inside of the tongue. A Nike SB logo decorates the tongue tag and insoles, while Zoom Air cushioning in the heel provides a soft and resilient feel underfoot.'),('HJ0865-493','Nike 2024/25 PSG Fourth Jersey Multicolor','Nike','Multicolor',9,'U101','https://images.stockx.com/images/Nike-2024-25-PSG-Fourth-Jersey-Multicolor.jpg?fit=fill&bg=FFFFFF&w=700&h=500&fm=webp&auto=compress&trim=color&q=90&dpr=2&updated_at=1741960092','2000-01-01','No description available'),('HJ4132-100','Nike SB Dunk Low CSEF','Nike','Summit White/Black/W',9,'U101','https://images.stockx.com/images/Nike-SB-Dunk-Low-CSEF-Product.jpg?fit=fill&bg=FFFFFF&w=700&h=500&fm=webp&auto=compress&trim=color&q=90&dpr=2&updated_at=1746403025','2025-05-03','Inspired by collegiate skate culture, the CSEF x Nike Dunk Low SB \'White Clear Emerald\' dons a scantron-inspired tongue tag and CSEF\'s mascot on the heel. These kicks have a white leather upper with a contrasting black suede toe box, tongue and patent leather Swoosh. Grey suede engulfs the collar, which is lined in an emerald green mesh. Yellow leather on the back showcases a Nike and CSEF logo for a signature touch.'),('HJ4209-010','Nike What The Kobe Reversible Short Black/Bright C','Nike','Black/Bright Crimson',9,'U101','https://images.stockx.com/images/Nike-What-The-Kobe-Reversible-Short-Asia-Sizing-Black-Bright-Crimson-v2.jpg?fit=fill&bg=FFFFFF&w=700&h=500&fm=webp&auto=compress&trim=color&q=90&dpr=2&updated_at=1744824145','2025-04-13','No description available'),('HJ5996-001','Nike Air Max 95 OG Big Bubble Pink Foam (Women\'s)','Nike','Black/Pink Foam/Whit',9,'U101','https://images.stockx.com/images/Nike-Air-Max-95-OG-Big-Bubble-Pink-Foam-Womens-Product.jpg?fit=fill&bg=FFFFFF&w=700&h=500&fm=webp&auto=compress&trim=color&q=90&dpr=2&updated_at=1746401981','2025-05-01','The 2025 edition of the Nike Women\'s Air Max 95 OG \'Pink Foam\' rocks a black foam midsole tooled with pink Max Air units for a lightweight feel underfoot. The wavy suede overlays on the side panels go from light grey to charcoal. Soft pink pops land on the webbed eyelets, Air Max tongue, the Swoosh and the Nike Air logo on the reflective heel panel'),('HJ6014-400','Nike Air Foamposite One Psychic Blue','Nike','Psychic Blue/Black',9,'U101','https://images.stockx.com/images/Nike-Air-Foamposite-One-Psychic-Blue-Product.jpg?fit=fill&bg=FFFFFF&w=700&h=500&fm=webp&auto=compress&trim=color&q=90&dpr=2&updated_at=1746401812','2025-05-23','The Nike Air Foamposite One \'Psychic Blue\' rocks a concealed foam midsole with a full-length Zoom Air unit and a secondary Zoom Air heel unit. A see-through rubber outsole makes way for a carbon fiber shank plate for stability. A blue molded Foamposite upper gets contrasting black accents on the mesh tongue and nubuck eyestay, including a matching mini-Swoosh embroidered on the forefoot.'),('HJ9346-100','Nike Air Force 1 Low .SWOOSH Dirty Triple White','Nike','White/White/White',9,'U101','https://images.stockx.com/images/nike-air-force-1-low-swoosh-dirty-triple-white.jpg?fit=fill&bg=FFFFFF&w=700&h=500&fm=webp&auto=compress&trim=color&q=90&dpr=2&updated_at=1746105068','2025-05-07','No description available'),('HM4740-001','Nike Air Max 95 OG Big Bubble Neon (2025)','Nike','Black/Neon Yellow/Co',9,'U101','https://images.stockx.com/images/Nike-Air-Max-95-OG-Neon-2025-Product.jpg?fit=fill&bg=FFFFFF&w=700&h=500&fm=webp&auto=compress&trim=color&q=90&dpr=2&updated_at=1743541430','2025-04-04','The 2025 version of the Nike Air Max 95 OG \'Neon\' brings wavy grey suede overlays using a gradient color scheme. Neon yellow pops land on the webbed eyelets, embroidered mini-Swoosh, and an Air Max tongue tag. Reflective touches reach the molded heel panel and tongue, while the black foam midsole showcases neon Max Air units in the forefoot and heel to complete the look.'),('HM9621-900','Nike Kobe 8 Protro What The (2025)','Nike','Multi-Color/Multi-Co',9,'U101','https://images.stockx.com/images/Nike-Kobe-8-Protro-What-The-2025-Product.jpg?fit=fill&bg=FFFFFF&w=700&h=500&fm=webp&auto=compress&trim=color&q=90&dpr=2&updated_at=1743628180','2025-04-13','The 2025 iteration of the Nike Kobe 8 Protro \'What The Kobe\' throws it back to 2013, inspiring the color palette and details from former Kobe 8 colorways. The right shoe has a mesh upper in a red snakeskin print, contrasted by a yellow Swoosh and a lime green lining. The left shoe has a blue snakeskin print and a red Swoosh that matches the collar lining. A large, reflective Nike wordmark adorns the inside of the foot. These kicks are updated with a Cushlon midsole and a springy Zoom Air forefoot unit.'),('HM9936-001','Nike Air Max 1 \'87 Photon Dust Wolf Grey','Nike','Photon Dust/Wolf Gre',9,'U101','https://images.stockx.com/images/Nike-Air-Max-1-87-Photon-Dust-Wolf-Grey-Product.jpg?fit=fill&bg=FFFFFF&w=700&h=500&fm=webp&auto=compress&trim=color&q=90&dpr=2&updated_at=1738193358','2024-07-01','No description available'),('HP7870','adidas Yeezy Boost 350 V2 Slate','Adidas','Slate/Core Black/Sla',9,'U101','https://images.stockx.com/images/adidas-Yeezy-Boost-350-V2-Slate-Core-Black-Slate-Product.jpg?fit=fill&bg=FFFFFF&w=700&h=500&fm=webp&auto=compress&trim=color&q=90&dpr=2&updated_at=1743490772','2022-09-03','The adidas Yeezy Boost 350 V2 \'Slate\' features a two-tone color block, featuring a light tan hue across the Primeknit upper, intersected by a black stripe across the middle with \'SPLY-350\' branding. Full-length Boost cushioning is embedded in the beige TPU translucent midsole, while a gum rubber outsole features a unique traction pattern for grip.'),('HP8739','adidas Yeezy Foam RNR Onyx','Adidas','Onyx/Onyx/Onyx',9,'U101','https://images.stockx.com/images/adidas-Yeezy-Foam-RNNR-Onyx-Product.jpg?fit=fill&bg=FFFFFF&w=700&h=500&fm=webp&auto=compress&trim=color&q=90&dpr=2&updated_at=1738193358','2024-03-07','Utilizing a sleek monochrome finish, the adidas Yeezy Foam Runner ‘Onyx’ is an understated colorway for a futuristic slip-on. A molded one-piece upper showcases open vents for breathability, while the injected EVA foam is lightweight and is secured by a unique traction pattern for grip.'),('HQ2059','adidas Yeezy Boost 350 V2 Granite','Adidas','Granite/Core Black/G',9,'U101','https://images.stockx.com/images/adidas-Yeezy-Boost-350-V2-Granite-Product.jpg?fit=fill&bg=FFFFFF&w=700&h=500&fm=webp&auto=compress&trim=color&q=90&dpr=2&updated_at=1738193358','2023-08-28','The Primeknit upper with \'SPLY-350\' branding against a black stripe differentiates the adidas Yeezy Boost 350 V2 ‘Granite.\' The neutral beige-grey of this lifestyle sneaker is constructed on a Boost midsole which can be seen via gaps in the rubber outsole. Clear TPU covers the sidewalls to enhance resilience and comfortable wear no matter the activity.'),('HQ2592-102','Nike Air Zoom Pegasus Premium White Metallic Silve','Nike','White/Metallic Silve',9,'U101','https://images.stockx.com/images/Nike-Air-Zoom-Pegasus-Premium-White-Metallic-Silver.jpg?fit=fill&bg=FFFFFF&w=700&h=500&fm=webp&auto=compress&trim=color&q=90&dpr=2&updated_at=1742935610','2025-05-15','The Nike Pegasus Premium \'White Metallic Silver\' brings a soft, white knit upper tooled with mesh panels and dynamic midfoot system. The ZoomX foam midsole works with a sculpted Zoom Air unit that runs the full length of the foot, while a springy ReactX foam in the heel brings a responsive feel. A modified waffle-patterned outsole uses high-abrasion rubber for a sturdy sensation.'),('HQ3072-400','Nike Zoom Field Jaxx Travis Scott Leche Blue','Nike','Leche Blue/Baroque B',9,'U101','https://images.stockx.com/images/Nike-Zoom-Field-Jaxx-Leche-Blue-Product.jpg?fit=fill&bg=FFFFFF&w=700&h=500&fm=webp&auto=compress&trim=color&q=90&dpr=2&updated_at=1747084348','2025-05-16','The Travis Scott x Nike Zoom Field Jaxx \'Leche Blue\' sports a brown foam midsole taken from the 1997 Zoom Spiridon. A full-length Zoom Air unit is built into the segmented rubber outsole. These shoes takes cues from the \'90s Nike Land Shark — the blue suede upper is tooled with khaki overlays. The adjustable midfoot strap brings a lockdown feel, while Baroque brown touches land on the collar, Swoosh and tongue, which sports the Nike and Cactus Jack logos.'),('HQ3073-100','Nike Zoom Field Jaxx Travis Scott Light Chocolate','Nike','White/Light Chocolat',9,'U101','https://images.stockx.com/images/Nike-Zoom-Field-Jaxx-Travis-Scott-Light-Chocolate-Product.jpg?fit=fill&bg=FFFFFF&w=700&h=500&fm=webp&auto=compress&trim=color&q=90&dpr=2&updated_at=1738193358','2025-01-31','The Travis Scott x Nike Zoom Field Jaxx \'Light Chocolate\' dons a cream mesh upper with white leather overlays, secured with an adjustable midfoot strap on top of standard shoelaces. Brown pops embellish the knit collar lining, Nike tongue tag and the signature Swoosh. A brown foam midsole is etched with wavy lines that nod to the Air Zoom Spiridon.'),('HQ3818-001','Nike P-6000 Anthracite Smoke Grey','Nike','Anthracite/Black/Smo',9,'U101','https://images.stockx.com/images/Nike-P-6000-Anthracite-Smoke-Grey-Product.jpg?fit=fill&bg=FFFFFF&w=700&h=500&fm=webp&auto=compress&trim=color&q=90&dpr=2&updated_at=1738193358','2024-10-15','The Nike P-6000 Premium \'Anthracite Smoke Grey\' uses drawcord-style laces on a weather-resistant black mesh upper. The latter is bolstered with grey suede and nubuck overlays, while reflective details adorn the toe cap, heel counter and Swoosh for better visibility in low-light conditions. A full-length Phylon midsole makes every step soft and responsive.'),('HQ4540','adidas Yeezy Boost 350 V2 Onyx','Adidas','Onyx/Onyx/Onyx',9,'U101','https://images.stockx.com/images/adidas-Yeezy-Boost-350-V2-Onyx-Product.jpg?fit=fill&bg=FFFFFF&w=700&h=500&fm=webp&auto=compress&trim=color&q=90&dpr=2&updated_at=1738193358','2022-03-05','A monochromatic \'Onyx\' hue envelops the latest Yeezy Boost 350 V2, the lifestyle runner from adidas and Kanye West. The upper features a dark black Primeknit weave along with rope laces, while a post-dyed monofilament side stripe can be found in a lighter black shade. A full-length Boost unit is encapsulated in a semi-translucent ribbed TPU midsole, while a black rubber outsole rounds out the look.'),('HQ6316','adidas Yeezy Boost 350 V2 Bone','Adidas','Bone/Bone/Bone',9,'U101','https://images.stockx.com/images/adidas-Yeezy-Boost-350-V2-Pure-Oat-Product.jpg?fit=fill&bg=FFFFFF&w=700&h=500&fm=webp&auto=compress&trim=color&q=90&dpr=2&updated_at=1738193358','2022-03-21','The adidas Yeezy Boost 350 V2 is treated to a monochromatic makeover. \'Bone\' features an ivory Primeknit upper and a matching traditional lace closure. An off-white webbing pull tab at the heel and a see-through monofilament side stripe continue the tonal theme. Branding arrives in the form of a Three-Stripes logo on the interior heel and a Yeezy word mark stamped on the sockliner. A full-length TPU-wrapped Boost midsole provides responsive cushioning.'),('HQ6448','adidas Yeezy Slide Onyx','Adidas','Onyx/Onyx/Onyx',9,'U101','https://images.stockx.com/images/adidas-Yeezy-Slide-Black-Product.jpg?fit=fill&bg=FFFFFF&w=700&h=500&fm=webp&auto=compress&trim=color&q=90&dpr=2&updated_at=1738193358','2022-03-07','\n'),('HQ6828-100','Nike SB Zoom Air Paul Rodriguez 1 OG White Black (','Nike','White/Black/White/Cl',9,'U101','https://images.stockx.com/images/Nike-SB-Zoom-Air-Paul-Rodriguez-1-OG-White-Black-2025.jpg?fit=fill&bg=FFFFFF&w=700&h=500&fm=webp&auto=compress&trim=color&q=90&dpr=2&updated_at=1744143603','2025-05-20','The 2025 edition of the Nike Zoom Air Paul Rodriguez 1 \'White Black\' brings back P-Rod\'s debut pro model for its 20th anniversary. These kicks have a white leather upper with a contrasting black Swoosh, heel counter, and tongue. A debossed \'PR\' monogram lands on the heel overlay, while metallic silver accents on the eyelets and the Nike SB logo adorning the tongue and heel.'),('HQ7045','adidas Yeezy Boost 350 V2 Carbon Beluga','Adidas','Carbon Beluga/Steepl',9,'U101','https://images.stockx.com/images/adidas-Yeezy-350-V2-Carbon-Beluga-Product.jpg?fit=fill&bg=FFFFFF&w=700&h=500&fm=webp&auto=compress&trim=color&q=90&dpr=2&updated_at=1738193358','2024-05-27','The adidas Yeezy Boost 350 V2 ‘Carbon Beluga’ combines bold hues with a striking pattern. The dark grey upper in Primeknit, featuring black waves and orange speckles, is secured by rope laces. The lateral side showcases a bright orange stripe with the ‘SPLY-350’ branding. The sneaker offers a comfortable experience with its full-length Boost midsole and a supportive TPU cage. The design is finished with a robust rubber outsole.'),('HQ8708','adidas Campus 00s Core Black','Adidas','Core Black/Footwear ',9,'U101','https://images.stockx.com/images/adidas-Campus-00s-Core-Black-Product.jpg?fit=fill&bg=FFFFFF&w=700&h=500&fm=webp&auto=compress&trim=color&q=90&dpr=2&updated_at=1738193358','2023-02-17','The adidas Campus 00s \'Core Black Gum\' rocks extra-wide laces to secure the black suede upper. Contrasting white accents land on the serrated leather three-stripes and collar lining. A gold foil \'Campus\' print sits above the aforementioned, while the Trefoil adorns the tongue and back tab. These shoes have off-white sidewalls that pair perfectly with a herringbone-patterned, gum rubber outsole.'),('HV0823-003','Jordan 4 Retro Seafoam Sail (Women\'s)','Jordan','Seafoam/Sail/Metalli',9,'U101','https://images.stockx.com/images/Air-Jordan-4-Retro-Seafoam-Sail-Womens-Product.jpg?fit=fill&bg=FFFFFF&w=700&h=500&fm=webp&auto=compress&trim=color&q=90&dpr=2&updated_at=1738193358','2025-03-08','The Women\'s Air Jordan 4 Retro \'Seafoam Sail\' sports a pale green leather upper, tooled with the iconic quarter panel netting. A matching Jumpman logo adorns the tongue tag and heel tab. This monochromatic design is disrupted by metallic silver molded eyelets. An off-white foam midsole pairs with an Air-sole unit nestled in the heel.'),('HV0823-100','Jordan 4 Retro Forget Me Not (Women\'s)','Jordan','White/Aluminum-Blue ',9,'U101','https://images.stockx.com/images/Air-Jordan-4-Retro-Forget-Me-Not-Product.jpg?fit=fill&bg=FFFFFF&w=700&h=500&fm=webp&auto=compress&trim=color&q=90&dpr=2&updated_at=1743628190','2025-05-03','The Women\'s Air Jordan 4 Retro \'Forget Me Not\', also known as \'Aluminum\', carries a white leather upper with contrasting powder blue touches on the collar lining, support wing, and molded back tab. A Jumpman emblem lands on the tongue tag, while a foam midsole works closely with an exposed Air-sole heel unit for a resilient feel.'),('HV4479-001','Nike ReactX Rejuven8 Slide Black','Nike','Black/Black',9,'U101','https://images.stockx.com/images/Nike-ReactX-Rejuven8-Slide-Black-Product.jpg?fit=fill&bg=FFFFFF&w=700&h=500&fm=webp&auto=compress&trim=color&q=90&dpr=2&updated_at=1745961148','2025-04-23','The Nike ReactX Rejuven8 Slide \'Triple Black\' has a contoured footbed made to cradle the foot. Extra room on the toe area helps keep you comfortable regardless of your foot width. A molded Swoosh on the side is the lone branding touch. The midsole is made of responsive ReactX foam, while the outsole has a radial pattern for traction in every surface.'),('HV4794-011','Jordan 9 Retro Cool Grey (2025)','Jordan','Medium Grey/White-Co',9,'U101','https://images.stockx.com/images/Air-Jordan-9-Retro-Cool-Grey-Product.jpg?fit=fill&bg=FFFFFF&w=700&h=500&fm=webp&auto=compress&trim=color&q=90&dpr=2&updated_at=1741385298','2025-03-15','Bringing back the original 2002 release, the Air Jordan 9 Retro \'Cool Grey\' exhibits a grey nubuck upper with a matching patent leather overlay. The Air Jordan tongue label and iconic \'23\' stamped on the heel maintain the signature look. These shoes have a white foam midsole with encapsulated Air-sole technology in the forefoot and heel. The grey rubber outsole has multilingual touches, a nod to Michael Jordan\'s influence as a global icon.'),('HV5060-001','Nike ReactX Rejuven8 Triple Black','Nike','Black/Black-Black',9,'U101','https://images.stockx.com/images/Nike-ReactX-Rejuven8-Triple-Black-Product.jpg?fit=fill&bg=FFFFFF&w=700&h=500&fm=webp&auto=compress&trim=color&q=90&dpr=2&updated_at=1741385811','2025-01-29','The Nike ReactX Rejuven8 \'Triple Black\' has a sculpted heel that delivers a secure feel, while a spacious toe box keeps your feet comfortable regardless of their width. Round vents throughout the vamp allow for more breathability. The ReactX foam midsole delivers a plush feel, while the rubber outsole uses a radial pattern for traction in every direction.'),('HV5060-002','Nike ReactX Rejuven8 Smoke Grey','Nike','Smoke Grey/Smoke Gre',9,'U101','https://images.stockx.com/images/Nike-ReactX-Rejuven8-Smoke-Grey-Product.jpg?fit=fill&bg=FFFFFF&w=700&h=500&fm=webp&auto=compress&trim=color&q=90&dpr=2&updated_at=1742925712','2025-01-29','The Nike ReactX Rejuven8 \'Smoke Grey\' rolls out a one-piece design accented with wavy lines etched across the sides and vent perforations throughout the upper. A molded Swoosh decorates the side panel, while a \'Nike React\' signoff is debossed on the footbed. The ReactX midsole couples with a rubber outsole that uses a radial pattern for surefire traction.'),('HV5060-003','Nike ReactX Rejuven8 Black Cool Grey Volt','Nike','Black/Cool Grey/Volt',9,'U101','https://images.stockx.com/images/Nike-ReactX-Rejuven8-Black-Cool-Grey-Volt-Product.jpg?fit=fill&bg=FFFFFF&w=700&h=500&fm=webp&auto=compress&trim=color&q=90&dpr=2&updated_at=1742591338','2025-04-23','The Nike ReactX Rejuven8 \'Black Volt\' is made with molded ReactX foam. The upper half has multiple vent ports throughout the vamp. The bottom half consists of a radial-pattern rubber outsole, while the side sports a molded, volt-colored Swoosh.'),('HV5060-100','Nike ReactX Rejuven8 Light Orewood Brown','Nike','Light Orewood Brown/',9,'U101','https://images.stockx.com/images/Nike-ReactX-Rejuven8-Light-Orewood-Brown-Product.jpg?fit=fill&bg=FFFFFF&w=700&h=500&fm=webp&auto=compress&trim=color&q=90&dpr=2&updated_at=1741385790','2025-01-29','The Nike ReactX Rejuven8 \'Light Orewood Brown\' sports a molded Swoosh on the side, while a Nike React signoff appears on the footbed. Vent holes throughout the vamp bring an airy feel. The ReactX foam midsole brings a springy feel, while the rubber outsole has a radial pattern for smooth traction.'),('HV6642-010','Nike Structured OG Flame Club Cap Black','Nike','Black',9,'U101','https://images.stockx.com/images/Nike-Structured-OG-Flame-Club-Cap-Black.jpg?fit=fill&bg=FFFFFF&w=700&h=500&fm=webp&auto=compress&trim=color&q=90&dpr=2&updated_at=1743529838','2000-01-01','No description available'),('HV6674-067','Jordan 1 Retro High \'85 OG Bred (2025)','Jordan','Black/Multi-Color',9,'U101','https://images.stockx.com/images/Air-Jordan-1-Retro-High-85-Bred-Product.jpg?fit=fill&bg=FFFFFF&w=700&h=500&fm=webp&auto=compress&trim=color&q=90&dpr=2&updated_at=1738825889','2025-02-14','The 2025 version of the Air Jordan 1 Retro High \'85 OG \'Bred / Banned\' tries for a true OG look, keeping the high collar and wider toe box. The leather upper blends black and red panels on the toe, heel, collar and the Swoosh. The Wings logo adorns the collar, while a woven Nike Air tag graces the tongue. A traditional rubber cupsole with white sidewalls contrast the red outsole to wrap up the look.'),('HV8563-600','Jordan 1 Retro High OG SP Union LA Chicago Shadow','Jordan','Varsity Red/Black-Sa',9,'U101','https://images.stockx.com/images/Air-Jordan-1-Retro-High-OG-SP-Union-LA-Chicago-Shadow-Product.jpg?fit=fill&bg=FFFFFF&w=700&h=500&fm=webp&auto=compress&trim=color&q=90&dpr=2&updated_at=1740684367','2025-02-27','The Union LA x Air Jordan 1 Retro High OG SP \'Chicago Shadow\' combines two OG colorways. Part of the upper is based on the original \'Chicago\' colorway, using a white leather upper with contrasting red overlays and a black Swoosh. Separated via exposed zigzag stitches, the collar borrows from the AJ1 \'Shadow,\' complemented by grey overlays on a black background. The opposite side gets a Wings logo and a yellow \'UN/LA\' label, while a Nike Air tongue tag adds to the signature look. A vintage-style midsole finishes the look.'),('HV8571-100','Jordan 3 Retro OG SP A Ma Maniére Diffused Blue','Jordan','White/Diffused Blue/',9,'U101','https://images.stockx.com/images/Air-Jordan-3-Retro-OG-SP-Diffused-Blue-Product.jpg?fit=fill&bg=FFFFFF&w=700&h=500&fm=webp&auto=compress&trim=color&q=90&dpr=2&updated_at=1740759122','2025-03-29','The A Ma Maniére x Air Jordan 3 Retro OG SP \'For The Love\' carries a white tumbled leather upper with grey suede forefoot and heel overlays. Blue touches settle on the molded eyelets and the Nike Air heel tab logo. More blue lands on the heel of the foam midsole, complemented with a visible Nike Air unit. The grey rubber outsole completes the iconic look.'),('IB1482-100','Jordan 3 Retro Seoul 2.0','Jordan','White/Black/Sport Ro',9,'U101','https://images.stockx.com/images/Air-Jordan-3-Retro-Seoul-20-Product.jpg?fit=fill&bg=FFFFFF&w=700&h=500&fm=webp&auto=compress&trim=color&q=90&dpr=2&updated_at=1747257024','2025-05-15','The Air Jordan 3 Retro \'Seoul 2.0\' is a sequel of the 2018 design, celebrating the 30th anniversary of the Seoul Olympics. These sneakers have a worn in vintage-looking foam midsole aided by a visible Nike Air heel unit. The white tumbled leather upper is complemented by grey elephant print forefoot and heel overlays. A royal-colored stitched knit collar and a red interior lining add the first touches of contrast. An embroidered Jumpman emblem decorates the right tongue, while the Korean flag adorns the left.'),('IB4171-100','Jordan 4 Retro White Cement (2025) (GS)','Jordan','Summit White/Fire Re',9,'U101','https://images.stockx.com/images/Air-Jordan-4-Retro-White-Cement-2025-GS.jpg?fit=fill&bg=FFFFFF&w=700&h=500&fm=webp&auto=compress&trim=color&q=90&dpr=2&updated_at=1745834157','2025-05-24','The Air Jordan 4 Retro OG GS \'White Cement\' 2025 sports white leather on the upper and the unmistakable quarter panel netting to go with black molded eyelets. A red Jumpman logo lands on the Flight tongue tag, while the Nike Air logo adorns the grey speckled heel tab. That same finish can be seen on the wings and on part of the foam midsole, fitted with an Air-sole heel unit. The rubber outsole has a herringbone traction pattern for smooth grip.'),('IB4481-500','Nike Kobe 5 Protro Year of the Mamba Eggplant','Nike','Eggplant/Black/Metal',9,'U101','https://images.stockx.com/images/Nike-Kobe-5-Protro-Year-of-the-Mamba-Eggplant-Product.jpg?fit=fill&bg=FFFFFF&w=700&h=500&fm=webp&auto=compress&trim=color&q=90&dpr=2&updated_at=1738193358','2025-01-09','The Nike Zoom Kobe 5 Protro \'Year of the Mamba\' rings in the Lunar New Year lauding the Year of the Snake. An iridescent purple synthetic upper showcases a golden serpent graphic that wraps around the Swoosh. Flywire cables help provide a lockdown feel, while a heel counter cradles the back of the foot. This Protro model uses Cushlon foam instead of the traditional Phylon, bolstered with a Zoom Air forefoot unit. A see-through rubber outsole combines with a glass/carbon fiber shank plate for stability.'),('IB8874-111','Nike Air Force 1 Low Mushroom (Women\'s)','Nike','Sail/Pink Foam/Eleme',9,'U101','https://images.stockx.com/images/Nike-Air-Force-1-Low-Mushroom-Womens.jpg?fit=fill&bg=FFFFFF&w=700&h=500&fm=webp&auto=compress&trim=color&q=90&dpr=2&updated_at=1738786162','2025-05-01','The Nike Women\'s Air Force 1 \'07 LX \'Mushroom\' has a knit Swoosh that decorates the off-white leather upper. Pink and rose-hued leather overlays decorate the forefoot and heel panels. Embroidered mushrooms and flowers decorate the toe box, while a snail graphic distinguishes the heel. Genuine cork is used on the Nike Air tongue tag and insoles, including whimsical images of mushrooms. Wooden mushroom charms are built into the braided rope laces to finish the look.'),('IB8967-004','Jordan 3 Retro OG Rare Air','Jordan','Black/Chile Red/Neut',9,'U101','https://images.stockx.com/images/Air-Jordan-3-Retro-OG-Rare-Air-Product.jpg?fit=fill&bg=FFFFFF&w=700&h=500&fm=webp&auto=compress&trim=color&q=90&dpr=2&updated_at=1743628196','2025-05-30','The Air Jordan 3 Retro OG \'Rare Air\' has a black leather upper with grey suede overlays on the forefoot and heel areas. Blue touches land on the shoelaces, perforated suede collar, and Air-assisted foam midsole. An embroidered red Jumpman lands on the tongue, matching the raised Nike Air logo on the heel. The Nike Air logo stars on the left shoe, while a mirror image of it embellishes the right one.'),('ID0477','adidas Samba OG Maroon Gold Metallic (Women\'s)','Adidas','Maroon/Cream White/G',9,'U101','https://images.stockx.com/images/adidas-Samba-OG-Maroon-Gold-Metallic-Product.jpg?fit=fill&bg=FFFFFF&w=700&h=500&fm=webp&auto=compress&trim=color&q=90&dpr=2&updated_at=1738193358','2024-02-09','No description available'),('ID0478','adidas Samba OG Cream White Sand Strata (Women\'s)','Adidas','Cream White/Core Bla',9,'U101','https://images.stockx.com/images/adidas-Samba-OG-Cream-White-Sand-Strata-Womens-Product.jpg?fit=fill&bg=FFFFFF&w=700&h=500&fm=webp&auto=compress&trim=color&q=90&dpr=2&updated_at=1738193358','2024-01-10','No description available'),('ID0780','adidas Response CL Bad Bunny Paso Fino','Adidas','Ecru Tint/Bronze Str',9,'U101','https://images.stockx.com/images/adidas-Response-CL-Bad-Bunny-Paso-Fino-Product.jpg?fit=fill&bg=FFFFFF&w=700&h=500&fm=webp&auto=compress&trim=color&q=90&dpr=2&updated_at=1738193358','2023-10-28','The Bad Bunny x adidas Response CL ‘Paso Fino’ sports a light tan mesh upper with brown three-stripes and ‘melted’ suede overlays. A purple adidas logo adorns the tongue, while Benito’s signature eye logo stars on the heel. A sculpted foam midsole keeps things soft underfoot, anchored by adidas’ Torsion System and an Adiwear outsole.'),('ID2349','adidas Yeezy Slide Slate Marine','Adidas','Slate Marine/Slate M',9,'U101','https://images.stockx.com/images/adidas-Yeezy-Slide-Slate-Marine-Product.jpg?fit=fill&bg=FFFFFF&w=700&h=500&fm=webp&auto=compress&trim=color&q=90&dpr=2&updated_at=1738193358','2023-08-11','The adidas Yeezy Slide \'Slate Marine\' is crafted from a single piece of injected EVA foam in a calm shade of blue, featuring a wide strap on the upper that covers the foot. adidas\' three stripes logo is subtly debossed on the footbed’s soft top layer, while the outsole is equipped with horizontal grooves for comfort and grip.'),('ID2350','adidas Yeezy Slide Slate Grey','Adidas','Slate Grey/Slate Gre',9,'U101','https://images.stockx.com/images/adidas-Yeezy-Slide-Slate-Grey-Product.jpg?fit=fill&bg=FFFFFF&w=700&h=500&fm=webp&auto=compress&trim=color&q=90&dpr=2&updated_at=1738193358','2024-03-21','Crafted from injected EVA foam, the seamless wide-strap upper of the adidas Yeezy Slide \'Slate Grey\' arrives in medium grey and provides a lightweight/durable feel. The outsole is designed with deep grooves for optimal traction. adidas\' signature three-stripe logo is debossed on the footbed, while a soft top layer ensures a cozy fit.'),('ID2529','adidas Campus Light Bad Bunny Chalky Brown','Adidas','Sand Beige/Brown/Cre',9,'U101','https://images.stockx.com/images/adidas-Campus-Light-Bad-Bunny-Brown-Product.jpg?fit=fill&bg=FFFFFF&w=700&h=500&fm=webp&auto=compress&trim=color&q=90&dpr=2&updated_at=1738193358','2023-07-29','Presenting the renowned musical artist\'s unique interpretation of the iconic shoe, the Bad Bunny x adidas Campus \'Chalky Brown\' continues a partnership that began in 2021. Its brown hairy suede upper features a distinctive double-tongue construction and is accentuated by matching three-stripe branding. Taking inspiration from the movement of ocean waves, an updated rubber mudguard in a cream-colored tone transitions seamlessly into a sturdy rubber cupsole. A reliable herringbone traction pattern is featured on the outsole, ensuring excellent grip on various surfaces.'),('ID2534','adidas Campus Bad Bunny The Last Campus','Adidas','Deep Brown/Chalk/Pin',9,'U101','https://images.stockx.com/images/adidas-Campus-Light-Bad-Bunny-Deep-Brown-Product.jpg?fit=fill&bg=FFFFFF&w=700&h=500&fm=webp&auto=compress&trim=color&q=90&dpr=2&updated_at=1738193358','2024-05-11','The Bad Bunny x adidas Campus \'The Last Campus\' brings a brown hairy suede upper, accented with tan leather three-stripes, including a heavily-padded collar for a plush feel as soon as you lace them up. A doubled-up tongue is marked with Benito\'s eye logo to give these shoes a unique look. A cream-colored midsole is anchored by a herringbone-patterned rubber outsole.'),('ID4126','adidas Yeezy Foam RNR MX Cinder','Adidas','MX Cinder/MX Cinder/',9,'U101','https://images.stockx.com/images/adidas-Yeezy-Foam-RNNR-MX-Brown-Blue-Product.jpg?fit=fill&bg=FFFFFF&w=700&h=500&fm=webp&auto=compress&trim=color&q=90&dpr=2&updated_at=1738193358','2023-05-31','Bringing a refreshing touch to the slip-on design, the adidas Yeezy Foam Runner \'MX Cinder\' incorporates vibrant accents. Crafted from injected EVA foam, the one-piece upper showcases an earthy blend of brown and tan tones. On the vamp, a striking black hue contrasts with unexpected pops of aqua blue. The contoured outsole, featuring a wavy tread pattern, provides excellent traction for every stride. Vents are strategically placed to improve breathability, while the plush top layer of the footbed ensures comfortable strides.'),('ID4132','adidas Yeezy Slide Granite','Adidas','Granite/Granite/Gran',9,'U101','https://images.stockx.com/images/adidas-Yeezy-Slide-Granite-Product.jpg?fit=fill&bg=FFFFFF&w=700&h=500&fm=webp&auto=compress&trim=color&q=90&dpr=2&updated_at=1738193358','2023-08-25','The adidas Yeezy Slide \'Granite\' is crafted from a single piece of lightweight and resilient EVA foam in a dark grey hue. It combines a broad strap upper with a soft footbed on which adidas\' signature three-stripe logo is showcased. To ensure grip and smooth strides, the outsole is designed with strategic groove placement.'),('ID4133','adidas Yeezy Slide Azure','Adidas','Azure/Azure/Azure',9,'U101','https://images.stockx.com/images/adidas-Yeezy-Slide-Azure-Product.jpg?fit=fill&bg=FFFFFF&w=700&h=500&fm=webp&auto=compress&trim=color&q=90&dpr=2&updated_at=1738193358','2023-05-31','An eye-catching shade of blue imbues the adidas Yeezy Slide ‘Azure.’ The modern build in one piece of injected EVA foam is constructed on a jagged outsole that provides support and grippyness. Subtle adidas branding is revealed on the footbed\'s top layer and on the heel.'),('ID4811','adidas Yeezy Boost 350 V2 MX Dark Salt','Adidas','Dark Salt/Dark Salt/',9,'U101','https://images.stockx.com/images/adidas-Yeezy-Boost-350-V2-MX-Dark-Salt-Product.jpg?fit=fill&bg=FFFFFF&w=700&h=500&fm=webp&auto=compress&trim=color&q=90&dpr=2&updated_at=1738193358','2023-08-21','The adidas Yeezy Boost 350 V2 \'MX Dark Salt\' arrives with a Primeknit upper featuring neutral shades of silver, grey, and black and laced up for a secure fit. The shoe features a full-length Boost midsole encased in a ribbed TPU cage which is supported by a grippy rubber outsole. A bold black side stripe complements the swirling design, running along the lateral side and matching the heel’s webbing pull tab.'),('ID5103','adidas Yeezy Slide Dark Onyx','Adidas','Dark Onyx/Dark Onyx/',9,'U101','https://images.stockx.com/images/adidas-Yeezy-Slide-Dark-Onyx-Product.jpg?fit=fill&bg=FFFFFF&w=700&h=500&fm=webp&auto=compress&trim=color&q=90&dpr=2&updated_at=1738193358','2024-03-07','The adidas Yeezy Slide \'Dark Onyx\' rolls out a minimalist charcoal upper, limiting the branding to a three-stripe logo debossed on the footbed. The midsole has injected foam for a plush feel, while the outsole has aggressive, serrated grooves for solid traction underfoot.'),('ID5104','adidas Yeezy Slide Dark Onyx (Kids)','Adidas','Dark Onyx/Dark Onyx/',9,'U101','https://images.stockx.com/images/adidas-Yeezy-Slide-Dark-Onyx-Kids-Product.jpg?fit=fill&bg=FFFFFF&w=700&h=500&fm=webp&auto=compress&trim=color&q=90&dpr=2&updated_at=1738193358','2024-03-07','Designed with a monochromatic appeal, the adidas Yeezy Slide Kids \'Dark Onyx\' have a foam-injected footbed for a cushioned feel. These flexible and lightweight slip-ons roll out a molded one-piece upper encased by a soft top layer above the footbed. The latter is adorned with a debossed three-stripe logo, while the outsole has strategically-placed grooves for accurate traction and a comfortable feel.'),('ID5480','adidas Yeezy Slide Salt','Adidas','Salt/Salt/Salt',9,'U101','https://images.stockx.com/images/adidas-Yeezy-Slide-Salt-Product.jpg?fit=fill&bg=FFFFFF&w=700&h=500&fm=webp&auto=compress&trim=color&q=90&dpr=2&updated_at=1738193358','2024-03-15','The adidas Yeezy Slide \'Salt\' showcases an allover grey color scheme and a featherweight design constructed from injected EVA foam. Its open-toe design enhances ventilation, and deep horizontal grooves on the outsole features deliver a grippy textured traction pattern. Branding on the outside is minimal, with the adidas three-stripe logo imprinted on the insole, which also includes a plush top layer for enhanced comfort with each step.'),('IE3699','adidas Handball Spezial Cream White Beige (Women\'s','Adidas','Cream White/Wonder B',9,'U101','https://images.stockx.com/images/adidas-Handball-Spezial-Cream-White-Beige-Womens-Product.jpg?fit=fill&bg=FFFFFF&w=700&h=500&fm=webp&auto=compress&trim=color&q=90&dpr=2&updated_at=1738193358','2023-12-29','No description available'),('IE4783','adidas Yeezy 500 Stone Salt','Adidas','Stone Salt/Stone Sal',9,'U101','https://images.stockx.com/images/adidas-Yeezy-500-Stone-Salt-Product.jpg?fit=fill&bg=FFFFFF&w=700&h=500&fm=webp&auto=compress&trim=color&q=90&dpr=2&updated_at=1738193358','2024-03-11','The adidas Yeezy 500 \'Stone Salt\' brings an airy grey mesh upper with contrast overlays made with a mix of sultry leather and cow suede. Reflective piping accents aid visibility in low-light conditions, while a padded collar and Ortholite insoles combine for a plush all-around feel. An abrasion-resistant rubber wrap pairs with an adiPRENE+ midsole that has pods on the outsole modeled after Feet You Wear technology.'),('IE4931','adidas Yeezy Foam RNR MX Granite','Adidas','Antoca/MX Granite/MX',9,'U101','https://images.stockx.com/images/adidas-Yeezy-Foam-RNR-MX-Granite-Product.jpg?fit=fill&bg=FFFFFF&w=700&h=500&fm=webp&auto=compress&trim=color&q=90&dpr=2&updated_at=1738193358','2024-03-15','The adidas Yeezy Foam Runner \'MX Granite\' is constructed from a single piece of resilient EVA foam and exhibits a marbled pattern with various shades of grey. The slip-on\'s sleek appearance is enhanced by sculpted lines, while airflow is promoted by mapped vents on the sides and vamp. The shoe’s contoured heel and textured footbed ride on an outsole which showcases a wavy traction pattern.'),('IE5836','adidas Samba OG Black Wonder White (Women\'s)','Adidas','Core Black/Wonder Wh',9,'U101','https://images.stockx.com/images/adidas-Samba-OG-Black-Wonder-White-Womens-Product.jpg?fit=fill&bg=FFFFFF&w=700&h=500&fm=webp&auto=compress&trim=color&q=90&dpr=2&updated_at=1738193358','2023-12-07','The adidas Women\'s Samba OG \'Black Wonder White\' has a black leather upper, contrasted by cream-colored leather accents on the serrated three-stripes, forefoot overlay and back tab. \'Samba\' is printed on the quarter panel in silver foil letters, while the tongue tag shows the classic Trefoil. A gum rubber sole rounds out the design.'),('IF0302-800','Nike Ja 2 Kool-Aid Mixed Berry','Nike','Bright Crimson/Flat ',9,'U101','https://images.stockx.com/images/Nike-Ja-2-Kool-Aid-Ohhh-Yeah.jpg?fit=fill&bg=FFFFFF&w=700&h=500&fm=webp&auto=compress&trim=color&q=90&dpr=2&updated_at=1743706011','2025-05-15','The Kool-Aid x Nike Ja 2 \'Mixed Berry\' rocks a blue-to-black gradient design on the left shoe representing Blue Raspberry Kool-Aid. The right shoe does the Cherry Red flavor right, using panels that transition from red to orange. A tongue graphic shows the Kool-Aid man crashing through a wall, while the character\'s \'Ohhh Yeah!\' motto is etched inside. Ja\'s \'12:AM\' signoff appears in Kool-Aid font on the heel tab. A speckled, white Phylon midsole works closely with a glow-in-the-dark rubber outsole underfoot.'),('IF1617-600','Nike Air DT Max \'96 Love Letter to Connie','Nike','University Red/White',9,'U101','https://images.stockx.com/images/Nike-Air-DT-Max-96-Love-Letter-to-Connie.jpg?fit=fill&bg=FFFFFF&w=700&h=500&fm=webp&auto=compress&trim=color&q=90&dpr=2&updated_at=1742500209','2025-05-09','A tribute to Deion Sanders\' mother, the Nike Air DT Max \'96 \'Love Letter to Connie\' has an Air-sole foam midsole that matches the red nubuck upper. Irregular cutouts showcase a red tumbled leather underlay, while Deion Sanders\' emblem adorns the tongue tag. A white mini-Swoosh graces the midfoot strap, heel, and both sides of the ankle.'),('IF3219','adidas Yeezy Boost 350 V2 Steel Grey','Adidas','Steel Grey/Steel Gre',9,'U101','https://images.stockx.com/images/adidas-Yeezy-Boost-350-V2-Steel-Grey-Product.jpg?fit=fill&bg=FFFFFF&w=700&h=500&fm=webp&auto=compress&trim=color&q=90&dpr=2&updated_at=1738193358','2024-02-29','Made from a stretchy Primeknit upper, the adidas Yeezy Boost 350 V2 \'Steel Grey\' sports distinct center stitching and a near see-through side stripe. The sock-like build also has a heel pull to make it easy to put on your shoes or take them off. A full-length Boost midsole is wrapped in a ribbed cage that keeps their monochromatic vibe.'),('IF6490','adidas Handball Spezial Earth Strata Gum (Women\'s)','Adidas','Earth Strata/Off Whi',9,'U101','https://images.stockx.com/images/adidas-Handball-Spezial-Earth-Strata-Gum-Womens-Product.jpg?fit=fill&bg=FFFFFF&w=700&h=500&fm=webp&auto=compress&trim=color&q=90&dpr=2&updated_at=1738193358','2023-11-10','Brought back from the \'70s archive, the adidas Women\'s Handball Spezial \'Earth Strata Gum\' has an upper crafted from brown hairy suede, contrasted by white leather touches on the back tab and serrated three-stripes. Synthetic leather lines the collar, while the tongue is adorned with an \'adidas Handball Spezial\' tag. A gum rubber sole unit completes the look.'),('IF9735','adidas Gazelle Indoor Bad Bunny','Adidas','Off White/Black/Gum',9,'U101','https://images.stockx.com/images/adidas-Gazelle-Indoor-Bad-Bunny-Product.jpg?fit=fill&bg=FFFFFF&w=700&h=500&fm=webp&auto=compress&trim=color&q=90&dpr=2&updated_at=1738193358','2024-09-21','The Bad Bunny x adidas Gazelle Indoor \'Core White\' sports an off-white leather upper with matching hairy suede accents on the forefoot, eyestay and heel. Black leather three-stripes meet an \'adidas benito\' signoff right next to them and a size label stitched on the heel. A partially see-through gum rubber outsole completes the look.'),('IG5349','adidas Yeezy Foam RNR Carbon','Adidas','Carbon/Carbon/Carbon',9,'U101','https://images.stockx.com/images/adidas-Yeezy-Foam-RNR-Carbon-Product.jpg?fit=fill&bg=FFFFFF&w=700&h=500&fm=webp&auto=compress&trim=color&q=90&dpr=2&updated_at=1738193358','2023-08-07','The adidas Yeezy Foam Runner \'Carbon\' is an ultramodern slip-on crafted from injected EVA foam, showcased in a dark-grey hue with smooth, flowing lines and a supportive contoured heel. To ensure breathability, the shoe features strategically placed vents on the vamp and side panels. The textured footbed enhances the overall fit, while a robust rubber outsole ensures grippy traction.'),('IG9030','adidas Samba OG Cloud White Core Black (Women\'s)','Adidas','Cloud White/Core Bla',9,'U101','https://images.stockx.com/images/adidas-Samba-OG-Cloud-White-Core-Black-Womens-Product.jpg?fit=fill&bg=FFFFFF&w=700&h=500&fm=webp&auto=compress&trim=color&q=90&dpr=2&updated_at=1738193358','2023-12-01','The adidas Women’s Samba OG ‘White Clear Granite’ rolls out a white leather upper with grey suede forefoot overlays. Black leather details on the back tab and three-stripes give them their signature contrast. A blue adidas tongue tag gives them a vivid pop of color. The gum rubber cupsole brings smooth traction underfoot.'),('JH6206','adidas Adizero Evo SL White Black','Adidas','Cloud White/Core Bla',9,'U101','https://images.stockx.com/images/adidas-Adizero-Evo-SL-White-Black-Product.jpg?fit=fill&bg=FFFFFF&w=700&h=500&fm=webp&auto=compress&trim=color&q=90&dpr=2&updated_at=1738193358','2024-10-25','Inspired by the Pro Evo 1, the adidas Adizero Evo SL \'White Black\' sports oversized black three-stripes on a white mesh and knit upper, tooled with a molded ergonomic tongue for a comfortable feel. A high-stack foam midsole gets a responsive layer of Lightstrike Pro foam for a soft and resilient feel underfoot. A Continental Rubber outsole provides solid traction with every step.'),('JH7834','adidas BW Army Lux White Gum','Adidas','Footwear White/Footw',9,'U101','https://images.stockx.com/images/adidas-BW-Army-Lux-White-Gum-Product.jpg?fit=fill&bg=FFFFFF&w=700&h=500&fm=webp&auto=compress&trim=color&q=90&dpr=2&updated_at=1744837943','2025-04-01','No description available'),('JI0280','adidas Samba OG Liberty London Floral Embroidery (','Adidas','Floral Print/Off Whi',9,'U101','https://images.stockx.com/images/adidas-Samba-OG-Liberty-London-Floral-Embroidery-GS-Product.jpg?fit=fill&bg=FFFFFF&w=700&h=500&fm=webp&auto=compress&trim=color&q=90&dpr=2&updated_at=1742332290','2025-03-17','No description available'),('JI2734','adidas Samba OG Preloved Red Leopard (Women\'s)','Adidas','Core Black/Preloved ',9,'U101','https://images.stockx.com/images/adidas-Samba-OG-Preloved-Red-Leopard-Womens-Product.jpg?fit=fill&bg=FFFFFF&w=700&h=500&fm=webp&auto=compress&trim=color&q=90&dpr=2&updated_at=1738344168','2025-01-29','Part of the \'Cheetah Pack,\' the adidas Women\'s Samba OG \'Preloved Red\' is dressed in faux brown pony hair on the upper, decorated with black cheetah spots and contrasting off-white leather touches on the three-stripes and back tab. These shoes sport brick-red laces that match the synthetic leather lining, undergirded by a gum rubber sole unit underfoot.'),('JI2735','adidas Samba OG Black Green Leopard (Women\'s)','Adidas','Core Black/Collegiat',9,'U101','https://images.stockx.com/images/adidas-Samba-OG-Black-Green-Leopard-Womens-Product.jpg?fit=fill&bg=FFFFFF&w=700&h=500&fm=webp&auto=compress&trim=color&q=90&dpr=2&updated_at=1738271477','2025-01-29','The adidas Women\'s Samba OG \'Collegiate Green\' comes from the \'Cheetah Pack,\' rocking a brown pony hair upper covered in cheetah spots. Black leather pops land on the eyestay, back tab, three-stripes and T-toe overlay. Green synthetic leather lines the collar, bringing a dash of color. The gum rubber sole nods to the model\'s indoor soccer roots.'),('JN7119','BAPE x adidas Shark Fleece Full Zip Hoodie Black','Adidas','Black',9,'U101','https://images.stockx.com/images/BAPE-x-adidas-Shark-Fleece-Full-Zip-Hoodie-Black.jpg?fit=fill&bg=FFFFFF&w=700&h=500&fm=webp&auto=compress&trim=color&q=90&dpr=2&updated_at=1743529294','2025-04-05','No description available'),('JP5309','adidas Gazelle Indoor Liberty London Floral Embroi','Adidas','Off-White/Multi',9,'U101','https://images.stockx.com/images/adidas-Gazelle-Indoor-Liberty-London-Floral-Embroidery-Womens-Product.jpg?fit=fill&bg=FFFFFF&w=700&h=500&fm=webp&auto=compress&trim=color&q=90&dpr=2&updated_at=1741384948','2025-01-10','The Liberty London x adidas Women\'s Gazelle Indoor \'Floral Embroidery\' rolls out an embroidered floral print throughout the knit upper. Off-white suede details on the eyestay and serrated three-stripes act as a break from the flashy design. A golden Trefoil logo adorns the tongue and insoles. A partially see-through gum rubber cupsole completes the look.'),('JQ2393','adidas Harden Vol. 8 Miami Nights','Adidas','Pulse Magenta/Core B',9,'U101','https://images.stockx.com/images/adidas-Harden-Vol-8-Miami-Nights-Product.jpg?fit=fill&bg=FFFFFF&w=700&h=500&fm=webp&auto=compress&trim=color&q=90&dpr=2&updated_at=1738193358','2024-11-15','No description available'),('JQ6140','adidas AE 1 Low Best of adi 2.0','Adidas','Footwear White/Core ',9,'U101','https://images.stockx.com/images/adidas-AE-1-Low-Best-of-adi-20-Product.jpg?fit=fill&bg=FFFFFF&w=700&h=500&fm=webp&auto=compress&trim=color&q=90&dpr=2&updated_at=1738193358','2025-01-01','The adidas AE 1 Low \'Best of Adi 2.0\' brings a mesh upper with a reflective silver overlay on the toe. Large, white support wings have a honeycomb shape for better airflow. Anthony Edwards\' logo adorns the tongue in red, matching adidas\' three-bar logo on the heel. The caged Lightstrike midsole combines with Light Boost for an extra lightweight feel that returns energy with every step.'),('JQ8739','adidas Climamog Off White','Adidas','Off White/Off White/',9,'U101','https://images.stockx.com/images/adidas-Climamog-Off-White-Product.jpg?fit=fill&bg=FFFFFF&w=700&h=500&fm=webp&auto=compress&trim=color&q=90&dpr=2&updated_at=1738193358','2024-10-25','The adidas Climamog \'Off White\' uses a lightweight, lattice foam structure for more flexibility and an airy feel. Molded three-stripes decorate the side for a signature look. The lattice design carries into the midsole, shaped to fit the unique contours of your feet.'),('JQ9229','adidas Ballerina Bad Bunny Off White Black Gum','Adidas','Off White/Core Black',9,'U101','https://images.stockx.com/images/adidas-Ballerina-Bad-Bunny-Off-White-Black-Gum-Product.jpg?fit=fill&bg=FFFFFF&w=700&h=500&fm=webp&auto=compress&trim=color&q=90&dpr=2&updated_at=1743628201','2025-04-12','Inspired by the adidas Taekwondo, the Bad Bunny x adidas Ballerina \'Off White Black Gum\' dons a partially see-through rubber outsole. The ivory nylon upper is touched with matching overlays and black leather three-stripes. A drawcord lacing system joins the heel pull tab for easy on and off. Much like Bad Bunny\'s Gazelle Indoor, these sneakers have contrast stitching on the tongue, while an exposed size tag lands on the heel. A \'Benito\' signoff next to the three-stripes gives these kicks a signature look.'),('JQ9230','adidas Ballerina Bad Bunny Bold Gold','Adidas','Bold Gold/Core Black',9,'U101','https://images.stockx.com/images/adidas-Ballerina-Bad-Bunny-Bold-Gold-Product.jpg?fit=fill&bg=FFFFFF&w=700&h=500&fm=webp&auto=compress&trim=color&q=90&dpr=2&updated_at=1743714239','2025-03-29','The Bad Bunny x adidas Ballerina \'Bold Gold\' brings a see-through rubber outsole with a classic herringbone traction pattern. Inspired by the adidas Taekwondo, these shoes have a drawcord lacing system to secure the yellow nylon upper, tooled with matching suede overlays and black leather three-stripes. \'Benito\' is debossed next to the aforementioned, while a size tag decorates the heel.'),('JR0035','adidas Samba OG Silver Metallic Cracked Leather (W','Adidas','Silver Metallic/Foot',9,'U101','https://images.stockx.com/images/adidas-Samba-OG-Silver-Metallic-Cracked-Leather-Womens-Product.jpg?fit=fill&bg=FFFFFF&w=700&h=500&fm=webp&auto=compress&trim=color&q=90&dpr=2&updated_at=1743023463','2025-04-01','No description available'),('JR3915','adidas AE 1 Low 3SSB PE','Adidas','Supplier Color/Suppl',9,'U101','https://images.stockx.com/images/adidas-AE-1-Low-3SSB-PE-Product.jpg?fit=fill&bg=FFFFFF&w=700&h=500&fm=webp&auto=compress&trim=color&q=90&dpr=2&updated_at=1743525357','2025-04-19','The adidas AE 1 Low \'3SSB\' rolls out a mesh upper dyed in a gradient blend of turquoise, green, blue and lavender. Pink, honeycomb-structured support wings provide lateral stability, while a caged Lightstrike midsole pairs with Light Boost units on the forefoot and heel, undergirded by a rubber outsole.'),('JR7030','adidas Taekwondo Mei Ballet White Black (Women\'s)','Adidas','Cloud White/Core Bla',9,'U101','https://images.stockx.com/images/adidas-Taekwondo-Mei-Ballet-White-Black-Womens-Product.jpg?fit=fill&bg=FFFFFF&w=700&h=500&fm=webp&auto=compress&trim=color&q=90&dpr=2&updated_at=1742845233','2025-03-15','No description available'),('JR7031','adidas Taekwondo Mei Ballet Black White (Women\'s)','Adidas','Core Black/Cloud Whi',9,'U101','https://images.stockx.com/images/adidas-Taekwondo-Mei-Ballet-Black-White-Womens-Product.jpg?fit=fill&bg=FFFFFF&w=700&h=500&fm=webp&auto=compress&trim=color&q=90&dpr=2&updated_at=1742845197','2025-03-15','No description available'),('KI0565','adidas Climacool 25 Kith Off White Light Brown','Adidas','Off White/Off White/',9,'U101','https://images.stockx.com/images/adidas-Climacool-25-Kith-Off-White-Light-Brown.jpg?fit=fill&bg=FFFFFF&w=700&h=500&fm=webp&auto=compress&trim=color&q=90&dpr=2&updated_at=1746128980','2000-01-01','No description available'),('NHK63-058','Nike Pro THERMA-FIT Hyperwarm Hood Black/White','Nike','Black/White',9,'U101','https://images.stockx.com/images/Nike-Pro-Hyperwarm-Hood-Balaclava-Black-Product.jpg?fit=fill&bg=FFFFFF&w=700&h=500&fm=webp&auto=compress&trim=color&q=90&dpr=2&updated_at=1738193358','2022-12-01','The Nike Pro Hyperwarm Hood Balaclava Black is a warm unisex pull-on hood that lightweight and ideal for cold seasons. <br>​<br>​The Nike Pro Hyperwarm Hood Balaclava Black comes with a solid pattern and comes with several other features. Its insulation capacity help in heat retention. This hood is stretchy and offers cold protection from the head to the neck. The design lets it lie smoothly on the head and form a comfortable cover by itself or under helmets. The material is made from 88% polyester and 12% spandex. <br>​<br>​The Nike Pro Hyperwarm Hood Balaclava Black has been on the market for over a decade since its release in June 2012 at a retail price of $30.');
/*!40000 ALTER TABLE `shoe_products` ENABLE KEYS */;
UNLOCK TABLES;

--
-- Table structure for table `sneakers`
--

DROP TABLE IF EXISTS `sneakers`;
/*!40101 SET @saved_cs_client     = @@character_set_client */;
/*!50503 SET character_set_client = utf8mb4 */;
CREATE TABLE `sneakers` (
  `Category_ID` varchar(10) NOT NULL,
  `S_type` varchar(20) DEFAULT NULL,
  PRIMARY KEY (`Category_ID`),
  CONSTRAINT `sneakers_ibfk_1` FOREIGN KEY (`Category_ID`) REFERENCES `category` (`Category_ID`)
) ENGINE=InnoDB DEFAULT CHARSET=utf8mb4 COLLATE=utf8mb4_0900_ai_ci;
/*!40101 SET character_set_client = @saved_cs_client */;

--
-- Dumping data for table `sneakers`
--

LOCK TABLES `sneakers` WRITE;
/*!40000 ALTER TABLE `sneakers` DISABLE KEYS */;
/*!40000 ALTER TABLE `sneakers` ENABLE KEYS */;
UNLOCK TABLES;

--
-- Table structure for table `users`
--

DROP TABLE IF EXISTS `users`;
/*!40101 SET @saved_cs_client     = @@character_set_client */;
/*!50503 SET character_set_client = utf8mb4 */;
CREATE TABLE `users` (
  `UserID` varchar(10) NOT NULL,
  `Fname` varchar(50) DEFAULT NULL,
  `Lname` varchar(50) DEFAULT NULL,
  `Age` int DEFAULT NULL,
  `Email` varchar(100) DEFAULT NULL,
  `Password` varchar(20) DEFAULT NULL,
  `Phone_nr` varchar(15) DEFAULT NULL,
  `API_Key` varchar(255) DEFAULT NULL,
  `Country` varchar(100) DEFAULT NULL,
  PRIMARY KEY (`UserID`)
) ENGINE=InnoDB DEFAULT CHARSET=utf8mb4 COLLATE=utf8mb4_0900_ai_ci;
/*!40101 SET character_set_client = @saved_cs_client */;

--
-- Dumping data for table `users`
--

LOCK TABLES `users` WRITE;
/*!40000 ALTER TABLE `users` DISABLE KEYS */;
INSERT INTO `users` VALUES ('A001','Admin','Naidoo',35,'admin.naidoo@example.com','adminpass1','0812345670','adminkey1','South Africa'),('A002','Admin','Moosa',40,'admin.moosa@example.com','adminpass2','0812345671','adminkey2','South Africa'),('A003','Admin','Van Wyk',38,'admin.vanwyk@example.com','adminpass3','0812345672','adminkey3','South Africa'),('U101','Layla','Smith',22,'layla@example.com','pass123','0712345678','key101','South Africa'),('U102','Zayd','Ali',24,'zayd@example.com','pass123','0712345679','key102','South Africa'),('U103','Amira','Khan',21,'amira@example.com','pass123','0712345680','key103','South Africa'),('U104','Tariq','Patel',23,'tariq@example.com','pass123','0712345681','key104','South Africa'),('U105','Fatima','Desai',25,'fatima@example.com','pass123','0712345682','key105','South Africa');
/*!40000 ALTER TABLE `users` ENABLE KEYS */;
UNLOCK TABLES;
/*!40103 SET TIME_ZONE=@OLD_TIME_ZONE */;

/*!40101 SET SQL_MODE=@OLD_SQL_MODE */;
/*!40014 SET FOREIGN_KEY_CHECKS=@OLD_FOREIGN_KEY_CHECKS */;
/*!40014 SET UNIQUE_CHECKS=@OLD_UNIQUE_CHECKS */;
/*!40101 SET CHARACTER_SET_CLIENT=@OLD_CHARACTER_SET_CLIENT */;
/*!40101 SET CHARACTER_SET_RESULTS=@OLD_CHARACTER_SET_RESULTS */;
/*!40101 SET COLLATION_CONNECTION=@OLD_COLLATION_CONNECTION */;
/*!40111 SET SQL_NOTES=@OLD_SQL_NOTES */;

-- Dump completed on 2025-05-16 21:36:09
